html_chars,html_tokens,dom_nodes,css_decls,n_domains,parse_ok
3159,998,86,16,1,True
2386,763,60,16,1,True
2927,936,83,16,1,True
2012,655,43,16,1,True
2424,772,57,16,1,True
3019,957,86,16,1,True
2777,878,90,16,1,True
2603,829,62,16,1,True
1970,649,43,16,1,True
2953,908,72,16,1,True
2455,806,65,16,1,True
3080,936,79,16,1,True
2895,932,80,16,1,True
3066,957,80,16,1,True
2511,787,63,16,1,True
2051,671,46,16,1,True
3024,931,77,16,1,True
3119,984,86,16,1,True
2400,766,48,16,1,True
2833,866,69,16,1,True
2563,802,61,16,1,True
2989,908,69,16,1,True
3202,983,80,16,1,True
2753,856,68,16,1,True
2995,949,84,16,1,True
3050,939,80,16,1,True
3100,985,81,16,1,True
2738,888,76,16,1,True
3192,1000,86,16,1,True
2341,762,61,16,1,True
2670,796,79,16,0,True
2404,786,61,16,1,True
2386,768,57,16,1,True
2092,680,46,16,1,True
2883,938,83,16,1,True
3274,993,83,16,1,True
2072,623,51,16,1,True
2948,933,77,16,1,True
3027,937,81,16,1,True
3138,975,83,16,1,True
2297,721,50,16,1,True
2851,913,83,16,1,True
2974,951,83,16,1,True
2997,962,83,16,1,True
2298,682,60,16,1,True
2469,789,63,16,1,True
2982,923,77,16,1,True
2289,678,56,16,1,True
2238,723,51,16,1,True
2265,721,48,16,1,True
2974,941,86,16,1,True
2906,937,83,16,1,True
3018,953,83,16,1,True
3020,959,80,16,1,True
2468,818,69,16,1,True
1823,604,36,16,1,True
2491,787,64,16,1,True
2965,946,86,16,1,True
2934,940,83,16,1,True
3024,964,80,16,1,True
2277,746,57,16,1,True
3375,1012,80,16,1,True
1968,652,43,16,1,True
2762,838,87,16,1,True
2589,831,62,16,1,True
2282,727,54,16,1,True
2258,723,54,16,1,True
3017,955,80,16,1,True
2518,791,59,16,1,True
1819,607,36,16,1,True
2939,922,77,16,1,True
2068,620,52,16,1,True
2506,807,61,16,1,True
2464,771,57,16,1,True
3014,954,80,16,1,True
2887,919,77,16,1,True
3127,959,80,16,1,True
3127,966,77,16,1,True
2339,757,57,16,1,True
3193,991,83,16,1,True
3049,945,80,16,1,True
2239,715,51,16,1,True
1753,599,37,16,1,True
1960,654,46,16,1,True
2946,949,86,16,1,True
3111,971,86,16,1,True
3249,992,80,16,1,True
2511,811,65,16,1,True
2557,838,66,16,1,True
2835,946,76,16,1,True
2830,916,80,16,1,True
3075,961,83,16,1,True
1776,596,36,16,1,True
2123,699,51,16,1,True
2714,875,68,16,1,True
3160,980,83,16,1,True
2295,754,54,16,1,True
2213,703,46,16,1,True
2624,841,69,16,1,True
2306,754,57,16,1,True
2271,707,49,16,1,True
2546,817,68,16,1,True
2389,757,54,16,1,True
2422,761,54,16,1,True
2717,869,71,16,1,True
1937,636,40,16,1,True
2960,934,80,16,1,True
1870,610,34,16,1,True
2486,805,65,16,1,True
3135,972,86,16,1,True
2246,722,50,16,1,True
3114,951,80,16,1,True
2839,910,77,16,1,True
2272,730,54,16,1,True
2760,898,77,16,1,True
3127,983,86,16,1,True
1881,621,42,16,1,True
2015,647,43,16,1,True
2265,724,48,16,1,True
2496,791,63,16,1,True
2998,951,86,16,1,True
2036,673,49,16,1,True
3080,994,80,16,1,True
2561,805,60,16,1,True
3620,1050,80,16,1,True
2933,922,80,16,1,True
3303,995,77,16,1,True
2945,902,75,16,1,True
3152,972,77,16,1,True
2915,951,86,16,1,True
2986,954,80,16,1,True
3272,991,80,16,1,True
2985,943,80,16,1,True
2896,867,83,16,1,True
2337,748,55,16,1,True
3059,930,77,16,1,True
3208,989,83,16,1,True
2289,737,54,16,1,True
3209,984,80,16,1,True
2352,756,55,16,1,True
3322,997,83,16,1,True
2860,935,83,16,1,True
3154,962,86,16,1,True
3393,1037,86,16,1,True
2305,749,57,16,1,True
2300,743,57,16,1,True
3114,955,77,16,1,True
2487,787,59,16,1,True
1738,573,32,16,1,True
2574,829,66,16,1,True
2094,672,46,16,1,True
2729,899,80,16,1,True
2928,944,86,16,1,True
2858,921,83,16,1,True
2895,852,80,16,1,True
2296,744,55,16,1,True
2378,757,51,16,1,True
3084,964,86,16,1,True
2803,883,75,16,1,True
2572,820,65,16,1,True
2894,894,85,16,1,True
1949,650,46,16,1,True
2266,740,54,16,1,True
3010,962,86,16,1,True
3054,970,86,16,1,True
2509,800,62,16,1,True
2403,759,57,16,1,True
2354,754,54,16,1,True
2733,890,77,16,1,True
2248,756,60,16,1,True
3027,961,83,16,1,True
2232,694,72,16,0,True
2927,940,77,16,1,True
3312,1003,80,16,1,True
2426,805,65,16,1,True
3131,956,86,16,1,True
2413,745,54,16,1,True
2318,754,63,16,1,True
2995,936,80,16,1,True
2822,909,76,16,1,True
2634,802,77,16,1,True
2075,632,59,16,1,True
2950,933,77,16,1,True
2783,826,77,16,1,True
2656,824,72,16,1,True
2271,736,52,16,1,True
2771,908,77,16,1,True
2816,917,80,16,1,True
2373,752,57,16,1,True
2804,902,77,16,1,True
2379,762,56,16,1,True
3298,1070,101,16,1,True
3110,967,83,16,1,True
2767,877,71,16,1,True
2325,742,54,16,1,True
3138,949,77,16,1,True
2404,774,61,16,1,True
2578,799,77,16,1,True
3103,985,86,16,1,True
3037,946,84,16,1,True
3184,976,86,16,1,True
3057,940,83,16,1,True
2752,876,72,16,1,True
2395,775,63,16,1,True
2445,808,69,16,1,True
3066,958,83,16,1,True
3176,999,86,16,1,True
1806,603,36,16,1,True
2341,774,60,16,1,True
2448,779,63,16,1,True
2888,933,83,16,1,True
2465,793,64,16,1,True
2637,846,71,16,1,True
3028,988,86,16,1,True
2877,925,77,16,1,True
2362,762,57,16,1,True
2959,945,83,16,1,True
3155,944,77,16,1,True
3226,977,83,16,1,True
2984,941,83,16,1,True
3104,970,84,16,1,True
3081,977,86,16,1,True
3175,985,86,16,1,True
3339,1020,83,16,1,True
3320,1004,83,16,1,True
2882,939,80,16,1,True
3049,945,80,16,1,True
2921,952,86,16,1,True
2139,690,43,16,1,True
2946,942,83,16,1,True
2946,945,80,16,1,True
3018,953,86,16,1,True
2849,846,80,16,1,True
2094,660,60,16,1,True
2940,936,77,16,1,True
2533,822,68,16,1,True
2457,769,60,16,1,True
2356,777,60,16,1,True
2875,924,83,16,1,True
3491,1035,80,16,1,True
2764,909,80,16,1,True
3078,959,80,16,1,True
2557,819,66,16,1,True
2911,882,83,16,1,True
2413,781,63,16,1,True
2126,704,51,16,1,True
3148,961,78,16,1,True
2078,680,49,16,1,True
3238,1033,91,16,1,True
2954,939,83,16,1,True
2502,828,68,16,1,True
2004,609,51,16,1,True
3238,990,86,16,1,True
2378,771,54,16,1,True
2377,786,60,16,1,True
3055,966,83,16,1,True
3209,962,77,16,1,True
2705,861,71,16,1,True
3035,957,80,16,1,True
2586,844,67,16,1,True
2833,928,86,16,1,True
3018,939,80,16,1,True
3161,990,83,16,1,True
2187,736,54,16,1,True
2296,741,54,16,1,True
3148,975,77,16,1,True
2189,720,54,16,1,True
2443,783,60,16,1,True
3229,982,83,16,1,True
3301,991,77,16,1,True
2852,880,66,16,1,True
1959,661,46,16,1,True
2273,758,57,16,2,True
2817,913,77,16,1,True
2209,696,46,16,1,True
2513,792,83,16,1,True
2696,869,71,16,1,True
2417,766,60,16,1,True
1833,549,46,16,1,True
2108,692,47,16,1,True
2995,944,80,16,1,True
2392,770,60,16,1,True
2496,799,62,16,1,True
2368,785,63,16,1,True
2993,949,83,16,1,True
3016,962,83,16,1,True
2256,731,52,16,1,True
2943,928,80,16,1,True
2164,719,51,16,1,True
3103,963,83,16,1,True
2325,772,60,16,1,True
2971,925,78,16,1,True
2911,860,83,16,1,True
2501,826,71,16,1,True
3088,972,86,16,1,True
2855,918,77,16,1,True
2805,917,81,16,1,True
1842,617,40,16,1,True
2060,659,43,16,1,True
2806,916,80,16,1,True
2605,840,66,16,1,True
2343,745,54,16,1,True
2987,951,87,16,1,True
2732,854,68,16,1,True
1897,624,42,16,1,True
3093,945,83,16,1,True
2920,927,80,16,1,True
3122,970,83,16,1,True
3273,1007,90,16,1,True
2901,867,77,16,1,True
3340,1048,90,16,1,True
2722,883,78,16,1,True
2992,953,77,16,1,True
3129,963,86,16,1,True
3059,946,77,16,1,True
3148,978,83,16,1,True
3618,1076,94,16,1,True
3157,1005,86,16,1,True
2264,737,54,16,1,True
2542,812,62,16,1,True
3025,941,77,16,1,True
2233,720,51,16,1,True
3007,942,83,16,1,True
3172,981,83,16,1,True
3090,955,87,16,1,True
2186,722,51,16,1,True
2781,901,77,16,1,True
3029,960,83,16,1,True
3000,930,80,16,1,True
2334,744,52,16,1,True
2008,645,40,16,1,True
2976,963,86,16,1,True
1871,623,42,16,1,True
2969,935,77,16,1,True
2274,747,54,16,1,True
3086,957,83,16,1,True
3054,950,80,16,1,True
2492,764,75,16,1,True
3138,960,77,16,1,True
2931,929,77,16,1,True
3049,940,77,16,1,True
2358,765,57,16,1,True
2265,737,54,16,1,True
3060,937,80,16,1,True
2131,695,48,16,1,True
3195,977,86,16,1,True
2953,945,80,16,1,True
2987,956,80,16,1,True
3161,1000,86,16,1,True
3070,952,83,16,1,True
3073,950,83,16,1,True
2671,855,68,16,1,True
2859,888,72,16,1,True
3029,952,86,16,1,True
2185,723,54,16,1,True
2276,743,54,16,1,True
3068,961,77,16,1,True
3040,961,80,16,1,True
2975,944,83,16,1,True
3048,951,83,16,1,True
3090,964,86,16,1,True
3045,963,86,16,1,True
2362,759,55,16,1,True
2723,868,69,16,1,True
3090,974,86,16,1,True
2729,816,80,16,1,True
2894,925,77,16,1,True
2466,813,66,16,1,True
2297,733,52,16,1,True
2934,943,83,16,1,True
3229,983,77,16,1,True
3083,975,86,16,1,True
2229,748,57,16,1,True
3147,1003,86,16,1,True
3081,954,80,16,1,True
3108,949,77,16,1,True
3147,983,86,16,1,True
3024,946,77,16,1,True
2230,719,51,16,1,True
2613,836,68,16,1,True
2988,955,86,16,1,True
2844,846,86,16,1,True
3162,960,77,16,1,True
3253,974,80,16,1,True
2640,835,68,16,1,True
2278,660,57,16,1,True
2964,949,77,16,1,True
2355,776,59,16,1,True
1836,617,42,16,1,True
2993,957,83,16,1,True
2068,683,47,16,1,True
2394,767,57,16,1,True
2774,898,77,16,1,True
2673,866,75,16,1,True
2442,777,60,16,1,True
1771,592,33,16,1,True
3283,989,86,16,1,True
3059,959,83,16,1,True
2702,847,68,16,1,True
2195,710,49,16,1,True
2859,938,86,16,1,True
1787,596,36,16,1,True
3063,976,83,16,1,True
3005,933,77,16,1,True
3049,951,80,16,1,True
2950,936,78,16,1,True
2985,939,77,16,1,True
2166,663,63,16,1,True
3325,1031,86,16,1,True
2949,922,77,16,1,True
3004,937,77,16,1,True
3210,1000,86,16,1,True
2615,833,69,16,1,True
2194,647,54,16,1,True
3447,1051,91,16,1,True
3113,960,82,16,1,True
2368,701,60,16,1,True
3416,1012,83,16,1,True
2349,759,57,16,1,True
3060,977,87,16,1,True
2329,739,51,16,1,True
1689,577,33,16,1,True
2891,925,77,16,1,True
3078,970,80,16,1,True
3263,983,80,16,1,True
3087,978,86,16,1,True
3269,995,83,16,1,True
2927,947,83,16,1,True
2469,777,60,16,1,True
2274,726,53,16,1,True
2719,825,86,16,1,True
2219,728,55,16,1,True
3128,969,83,16,1,True
2725,873,71,16,1,True
2940,928,77,16,1,True
2963,945,80,16,1,True
2687,901,77,16,1,True
2588,842,68,16,1,True
3039,952,83,16,1,True
2153,698,48,16,1,True
2519,780,57,16,1,True
3051,947,80,16,1,True
2124,638,57,16,1,True
3082,955,80,16,1,True
3088,983,84,16,1,True
3187,981,80,16,1,True
2192,711,48,16,1,True
2455,725,68,16,1,True
2591,820,62,16,1,True
2712,862,71,16,1,True
2892,920,77,16,1,True
2324,770,64,16,1,True
3102,941,77,16,1,True
3037,970,86,16,1,True
2615,845,69,16,1,True
2277,729,51,16,1,True
2603,831,65,16,1,True
2771,872,71,16,1,True
1955,644,40,16,1,True
2079,684,50,16,1,True
2856,926,77,16,1,True
2503,794,61,16,1,True
2236,739,55,16,1,True
2560,806,56,17,1,True
2385,767,61,16,1,True
2807,898,77,16,1,True
2957,952,86,16,1,True
2310,735,52,16,1,True
2988,940,77,16,1,True
2554,807,60,16,1,True
3023,950,83,16,1,True
3010,948,86,16,1,True
2818,930,86,16,1,True
2552,819,65,16,1,True
3185,989,86,16,1,True
3647,1075,83,16,1,True
2525,786,63,16,1,True
3245,998,77,16,1,True
2825,912,77,16,1,True
2679,780,75,16,1,True
3496,1062,86,16,1,True
2631,813,62,16,1,True
2921,927,77,16,1,True
2432,782,63,16,1,True
2719,851,69,16,1,True
2148,659,63,16,1,True
3018,962,83,16,1,True
2331,739,51,16,1,True
2301,743,57,16,1,True
2213,713,52,16,1,True
2991,945,83,16,1,True
3051,978,86,16,1,True
2618,868,71,16,1,True
3191,950,77,16,1,True
2869,901,71,16,1,True
2035,661,43,16,1,True
2232,725,48,16,1,True
2964,934,83,16,1,True
2988,932,72,16,1,True
1927,629,39,16,1,True
3089,961,86,16,1,True
3063,968,83,16,1,True
3011,943,80,16,1,True
3016,954,86,16,1,True
2834,895,78,16,1,True
2525,798,65,16,1,True
2366,763,56,16,1,True
3074,941,77,16,1,True
2443,785,56,16,1,True
3076,968,84,16,1,True
2780,890,75,16,1,True
2759,883,75,16,1,True
1781,592,33,16,1,True
3299,1004,83,16,1,True
1810,603,36,16,1,True
3256,996,83,16,1,True
2436,721,59,16,1,True
2993,955,83,16,1,True
2046,662,40,16,1,True
1886,631,42,16,1,True
1831,609,39,16,1,True
3298,963,82,16,1,True
2448,773,55,16,1,True
2527,824,62,16,1,True
1856,625,39,16,1,True
2779,890,75,16,1,True
2839,897,78,16,1,True
3316,1005,86,16,1,True
2489,778,54,16,1,True
2537,787,80,16,1,True
2943,947,86,16,1,True
2318,727,48,16,1,True
2349,778,63,16,1,True
3509,1077,91,16,1,True
2989,944,83,16,1,True
2152,710,54,16,1,True
2931,927,77,16,1,True
2664,832,71,16,1,True
2227,721,51,16,1,True
3122,956,77,16,1,True
2071,689,50,16,1,True
3093,957,77,16,1,True
2950,956,80,16,1,True
3115,967,83,16,1,True
3205,1008,86,16,1,True
2781,816,80,16,1,True
2787,913,83,16,1,True
2320,755,55,16,1,True
3094,944,80,16,1,True
2595,837,68,16,1,True
2167,741,54,16,1,True
2721,819,83,16,1,True
2908,938,83,16,1,True
2281,663,52,16,1,True
2588,879,78,16,1,True
2326,759,60,16,1,True
2265,731,51,16,1,True
2941,939,77,16,1,True
2972,950,86,16,1,True
2257,737,54,16,1,True
2993,940,83,16,1,True
2086,675,49,16,1,True
2557,805,62,16,1,True
3131,974,77,16,1,True
1993,663,46,16,1,True
3000,978,87,16,1,True
2707,893,77,16,1,True
2728,869,71,16,1,True
1976,660,46,16,1,True
2952,931,80,16,1,True
2209,717,49,16,1,True
1990,671,49,16,1,True
3008,928,80,16,1,True
2941,939,83,16,1,True
1877,614,38,16,1,True
2435,804,68,16,1,True
2990,954,86,16,1,True
2380,757,54,16,1,True
2085,695,48,16,1,True
2945,922,80,16,1,True
3042,933,77,16,1,True
2606,842,71,16,1,True
2793,918,77,16,1,True
2967,926,77,16,1,True
2043,672,46,16,1,True
3069,978,86,16,1,True
3131,995,86,16,1,True
3038,948,80,16,1,True
2557,825,65,16,1,True
2778,874,72,16,1,True
3117,958,80,16,1,True
3164,988,83,16,1,True
3178,983,83,16,1,True
2894,852,86,16,1,True
2921,857,80,16,1,True
3048,951,83,16,1,True
2925,948,83,16,1,True
2162,675,56,16,1,True
2407,762,57,16,1,True
3015,948,83,16,1,True
2352,761,60,16,1,True
3143,986,83,16,1,True
2061,672,46,16,1,True
2276,752,57,16,1,True
1969,657,44,16,1,True
2215,731,54,16,1,True
2977,955,86,16,1,True
2266,753,57,16,1,True
3227,980,86,16,1,True
2297,749,61,16,1,True
2229,708,47,16,1,True
3282,1027,83,16,1,True
3096,970,77,16,1,True
1883,625,39,16,1,True
2803,913,80,16,1,True
3006,942,83,16,1,True
2153,678,43,16,1,True
2765,907,77,16,1,True
2851,928,83,16,1,True
3017,951,86,16,1,True
3238,986,86,16,1,True
3169,971,80,16,1,True
2940,943,83,16,1,True
2956,936,83,16,1,True
2982,934,77,16,1,True
2861,899,70,16,1,True
2321,758,60,16,1,True
3663,1145,107,16,1,True
2351,780,61,16,1,True
2383,759,57,16,1,True
2793,908,77,16,1,True
3181,989,86,16,1,True
2087,690,50,16,1,True
3263,981,86,16,1,True
2950,951,86,16,1,True
3084,974,86,16,1,True
3018,956,86,16,1,True
3106,975,83,16,1,True
3010,947,80,16,1,True
2989,944,87,16,1,True
2905,924,80,16,1,True
2598,833,63,16,1,True
1759,588,33,16,1,True
3097,970,86,16,1,True
1816,605,36,16,1,True
2489,795,63,16,1,True
2843,914,80,16,1,True
2995,947,80,16,1,True
3217,970,80,16,1,True
3036,952,80,16,1,True
3325,997,86,16,1,True
2677,855,68,16,1,True
2971,938,83,16,1,True
3235,989,83,16,1,True
2448,780,63,16,1,True
1984,641,44,16,1,True
2819,842,83,16,1,True
2385,766,53,16,1,True
3018,953,80,16,1,True
2715,845,71,16,1,True
2521,790,64,16,1,True
2305,763,61,16,1,True
2985,937,77,16,1,True
2572,838,71,16,1,True
2395,777,57,16,1,True
2931,939,83,16,1,True
2110,678,46,16,1,True
3217,991,80,16,1,True
3405,1024,80,16,1,True
1777,591,33,16,1,True
2201,675,62,16,1,True
2914,928,77,16,1,True
2663,869,72,16,1,True
1814,558,46,16,1,True
2519,792,63,16,1,True
3025,944,77,16,1,True
3077,946,77,16,1,True
3509,1044,86,16,1,True
2710,845,71,16,1,True
2059,676,47,16,1,True
2332,750,60,16,1,True
3095,963,86,16,1,True
2817,922,80,16,1,True
3156,985,84,16,1,True
2686,880,73,16,1,True
2747,855,69,16,1,True
3082,964,83,16,1,True
2494,775,57,16,1,True
2988,949,83,16,1,True
2131,705,51,16,1,True
2134,649,57,16,1,True
3198,983,86,16,1,True
2713,868,68,16,1,True
2931,932,80,16,1,True
3152,990,83,16,1,True
2601,826,63,16,1,True
1770,585,33,16,1,True
2062,679,46,16,1,True
2780,908,77,16,1,True
3032,972,86,16,1,True
3113,960,77,16,1,True
2601,837,68,16,1,True
2152,649,57,16,1,True
2342,751,57,16,1,True
3168,976,86,16,1,True
2993,939,80,16,1,True
3210,985,86,16,1,True
2225,727,54,16,1,True
2436,777,60,16,1,True
2926,920,77,16,1,True
2849,929,86,16,1,True
2989,924,80,16,1,True
2974,945,83,16,1,True
2905,939,83,16,1,True
2915,940,77,16,1,True
3333,1002,77,16,1,True
3001,958,83,16,1,True
2116,683,46,16,1,True
2940,931,77,16,1,True
3042,976,86,16,1,True
2913,927,83,16,1,True
2913,928,77,16,1,True
2180,709,50,16,1,True
2012,663,44,16,1,True
2629,862,76,16,1,True
2906,929,80,16,1,True
3148,944,77,16,1,True
3213,989,83,16,1,True
3262,1009,83,16,1,True
2962,926,83,16,1,True
3237,978,80,16,1,True
2004,651,40,16,1,True
2920,933,77,16,1,True
2871,943,80,16,1,True
3082,970,83,16,1,True
2863,919,77,16,1,True
3064,972,86,16,1,True
3008,962,83,16,1,True
2733,920,83,16,1,True
1886,624,40,16,1,True
2443,793,60,16,1,True
2923,938,77,16,1,True
2072,675,49,16,1,True
2363,747,57,16,1,True
1889,585,51,16,0,True
2083,673,44,16,1,True
2595,844,69,16,1,True
2397,776,61,16,1,True
2736,919,77,16,1,True
2851,872,71,16,1,True
3006,947,83,16,1,True
3314,1004,77,16,1,True
2924,941,86,16,1,True
3064,962,77,16,1,True
2921,943,83,16,1,True
2348,764,55,16,1,True
2774,906,80,16,1,True
2171,708,51,16,1,True
3036,954,83,16,1,True
2250,734,54,16,1,True
2618,840,65,16,1,True
3387,1037,86,16,1,True
3169,1000,86,16,1,True
3115,970,84,16,1,True
2911,929,80,16,1,True
2100,686,49,16,1,True
3263,1000,86,16,1,True
2819,916,77,16,1,True
2654,859,72,16,1,True
3143,967,86,16,1,True
2934,958,83,16,1,True
3108,971,86,16,1,True
2853,926,83,16,1,True
2301,750,58,16,1,True
2995,957,83,16,1,True
3306,1024,86,16,1,True
2285,761,56,16,1,True
2771,883,65,16,1,True
1860,618,39,16,1,True
2984,953,86,16,1,True
3017,941,77,16,1,True
2804,890,72,16,1,True
2943,939,77,16,1,True
2328,760,55,16,1,True
2016,656,43,16,1,True
3106,964,83,16,1,True
2744,875,69,16,1,True
2364,762,60,16,1,True
2992,928,77,16,1,True
2751,899,76,16,1,True
3154,977,80,16,1,True
2316,750,57,16,1,True
2003,647,43,16,1,True
3106,964,86,16,1,True
2364,766,61,16,1,True
2434,780,56,16,1,True
2038,670,47,16,1,True
2827,888,72,16,1,True
3102,984,86,16,1,True
2246,731,49,16,1,True
3114,972,86,16,1,True
2841,934,86,16,1,True
2776,907,83,16,1,True
3006,957,86,16,1,True
2540,823,65,16,1,True
2074,707,50,16,1,True
3025,954,77,16,1,True
2446,774,60,16,1,True
2938,944,80,16,1,True
1788,600,36,16,1,True
3332,1007,84,16,1,True
2362,745,51,16,1,True
2946,915,77,16,1,True
2365,775,60,16,1,True
2875,926,83,16,1,True
3395,1027,83,16,1,True
2925,940,83,16,1,True
2206,751,60,16,1,True
2833,880,72,16,1,True
2935,951,77,16,1,True
2834,915,77,16,1,True
2285,736,54,16,1,True
3187,976,80,16,1,True
2557,833,66,16,1,True
2931,949,83,16,1,True
3290,994,83,16,1,True
1955,649,43,16,1,True
3283,1007,83,16,1,True
3239,982,86,16,1,True
2940,938,77,16,1,True
2497,786,56,16,1,True
3089,971,80,16,1,True
3028,960,83,16,1,True
3028,960,81,16,1,True
2584,815,60,16,1,True
3130,963,83,16,1,True
2257,723,51,16,1,True
2050,638,57,16,1,True
2034,673,49,16,1,True
2955,940,77,16,1,True
3100,970,86,16,1,True
2868,927,80,16,1,True
3206,996,86,16,1,True
2828,912,75,16,1,True
3013,961,77,16,1,True
2371,770,60,16,1,True
2952,931,77,16,1,True
2840,921,80,16,1,True
2162,685,47,16,1,True
3093,975,86,16,1,True
3010,967,86,16,1,True
2876,934,86,16,1,True
2060,668,46,16,1,True
2001,649,43,16,1,True
2896,926,80,16,1,True
2846,927,83,16,1,True
2006,656,43,16,1,True
3202,995,83,16,1,True
2832,918,80,16,1,True
3087,967,86,16,1,True
2831,904,77,16,1,True
2201,729,54,16,1,True
3037,952,77,16,1,True
3001,958,81,16,1,True
2960,944,80,16,1,True
2351,764,57,16,1,True
2125,705,53,16,1,True
1780,594,36,16,1,True
3144,969,83,16,1,True
3200,986,86,16,1,True
1995,661,46,16,1,True
2647,834,65,16,1,True
2997,948,83,16,1,True
2839,921,80,16,1,True
2807,917,84,16,1,True
3231,983,77,16,1,True
2345,766,60,16,1,True
2597,797,82,16,0,True
1735,583,33,16,1,True
2692,849,66,16,1,True
2872,921,80,16,1,True
2601,811,64,16,1,True
1925,630,42,16,1,True
3156,969,80,16,1,True
2471,789,60,16,1,True
2804,893,74,16,1,True
2090,626,51,16,1,True
2461,772,60,16,1,True
2896,931,80,16,1,True
2008,609,59,16,1,True
1848,615,33,16,1,True
2718,898,81,16,1,True
2692,874,69,16,1,True
2758,857,62,16,1,True
3203,982,83,16,1,True
2920,921,77,16,1,True
3325,1017,86,16,1,True
2320,771,63,16,1,True
2969,951,86,16,1,True
2322,766,63,16,1,True
2434,774,56,16,1,True
3505,1024,83,16,1,True
3121,961,86,16,1,True
2461,789,57,16,1,True
3191,964,83,16,1,True
2202,717,51,16,1,True
1972,644,40,16,1,True
3362,1021,90,16,1,True
1879,628,42,16,1,True
3336,1015,86,16,1,True
2221,725,53,16,1,True
2956,938,80,16,1,True
2973,949,83,16,1,True
3160,967,77,16,1,True
3056,953,83,16,1,True
3123,967,80,16,1,True
1880,611,33,16,1,True
3206,983,83,16,1,True
2302,742,58,16,1,True
2889,928,80,16,1,True
3006,961,77,16,1,True
2874,884,68,16,1,True
2985,948,77,16,1,True
3090,964,84,16,1,True
2058,670,46,16,1,True
2201,728,54,16,1,True
1946,638,40,16,1,True
2933,932,80,16,1,True
2438,763,57,16,1,True
2678,854,71,16,1,True
3001,938,83,16,1,True
2679,848,66,16,1,True
3274,986,77,16,1,True
2113,698,48,16,1,True
2934,918,77,16,1,True
3057,953,80,16,1,True
2112,620,50,16,1,True
3216,990,86,16,1,True
2348,739,54,16,1,True
3120,969,86,16,1,True
2972,948,83,16,1,True
2114,682,44,16,1,True
2711,851,65,16,1,True
2235,739,54,16,1,True
2116,704,51,16,1,True
2769,917,86,16,1,True
2588,826,65,16,1,True
3053,959,80,16,1,True
3364,1038,89,16,1,True
2977,943,80,16,1,True
2448,775,57,16,1,True
3114,967,80,16,1,True
2968,982,83,16,1,True
3043,956,77,16,1,True
3090,972,80,16,1,True
3088,969,83,16,1,True
2958,939,80,16,1,True
2810,930,86,16,1,True
3046,955,83,16,1,True
3207,989,86,16,1,True
2890,910,69,16,1,True
2375,772,60,16,1,True
2348,766,60,16,1,True
2165,699,49,16,1,True
3163,1000,80,16,1,True
1819,607,36,16,1,True
3003,966,86,16,1,True
2541,847,69,16,1,True
2246,728,54,16,1,True
2629,855,69,16,1,True
2879,899,70,16,1,True
3029,957,83,16,1,True
2977,943,83,16,1,True
2286,747,54,16,1,True
3139,968,83,16,1,True
2625,850,70,16,1,True
3161,978,80,16,1,True
2942,951,80,16,1,True
2913,928,80,16,1,True
3007,905,86,16,1,True
3259,973,77,16,1,True
2844,937,83,16,1,True
1813,606,39,16,1,True
3316,1006,83,16,1,True
2804,927,87,16,1,True
1851,620,39,16,1,True
2298,732,54,16,1,True
3084,964,80,16,1,True
3026,939,77,16,1,True
3054,976,86,16,1,True
3063,971,80,16,1,True
3161,975,83,16,1,True
2540,814,65,16,1,True
3031,944,77,16,1,True
2953,952,80,16,1,True
3101,974,86,16,1,True
3065,955,83,16,1,True
2720,904,77,16,1,True
2889,926,77,16,1,True
3035,953,80,16,1,True
3140,982,83,16,1,True
2884,950,80,16,1,True
3010,958,80,16,1,True
3130,968,83,16,1,True
2614,841,63,16,1,True
1837,608,36,16,1,True
2082,691,50,16,1,True
3127,946,80,16,1,True
2368,759,57,16,1,True
3065,975,86,16,1,True
2066,680,44,16,1,True
2902,936,82,16,1,True
2011,664,43,16,1,True
2988,961,86,16,1,True
2485,794,60,16,1,True
2878,902,75,16,1,True
3042,961,77,16,1,True
2939,956,83,16,1,True
3164,964,77,16,1,True
3082,976,86,16,1,True
2356,762,60,16,1,True
1988,640,40,16,1,True
3104,968,83,16,1,True
2347,737,51,16,1,True
2418,792,62,16,1,True
2977,943,80,16,1,True
3033,945,79,16,1,True
1761,588,33,16,1,True
2843,893,75,16,1,True
2866,917,77,16,1,True
2250,740,57,16,1,True
2299,756,55,16,1,True
2802,924,78,16,1,True
2538,808,64,16,1,True
3178,984,86,16,1,True
2782,910,77,16,1,True
2814,896,78,16,1,True
2313,740,54,16,1,True
3263,1008,83,16,1,True
3188,965,77,16,1,True
2960,931,83,16,1,True
3020,935,77,16,1,True
3003,954,86,16,1,True
2205,729,57,16,1,True
1822,603,36,16,1,True
2986,941,78,16,1,True
2662,853,82,16,1,True
3074,969,86,16,1,True
3153,988,89,16,1,True
2195,718,48,16,1,True
2244,676,59,16,1,True
2318,765,60,16,1,True
2151,634,55,16,1,True
3021,947,83,16,1,True
2899,936,86,16,1,True
1837,603,36,16,1,True
1881,628,39,16,1,True
2035,674,49,16,1,True
2878,939,83,16,1,True
3111,967,83,16,1,True
2610,840,62,16,1,True
3019,947,80,16,1,True
2908,917,80,16,1,True
2954,927,77,16,1,True
2278,753,54,16,1,True
2353,756,57,16,1,True
2382,768,60,16,1,True
3155,977,77,16,1,True
3135,975,86,16,1,True
3436,1054,89,16,1,True
3162,982,86,16,1,True
3291,1003,80,16,1,True
3089,992,83,16,1,True
3136,954,80,16,1,True
3004,973,86,16,1,True
2152,690,49,16,1,True
1976,635,39,16,1,True
3198,995,80,16,1,True
3061,970,84,16,1,True
3162,1003,86,16,1,True
3044,946,83,16,1,True
2384,775,61,16,1,True
2975,932,83,16,1,True
3127,961,80,16,1,True
2510,782,63,16,1,True
2971,941,86,16,1,True
2438,774,63,16,1,True
2374,768,60,16,1,True
3554,1064,90,16,1,True
3085,954,80,16,1,True
3267,996,83,16,1,True
3025,953,86,16,1,True
2854,901,72,16,1,True
2821,880,76,16,1,True
2793,912,77,16,1,True
2986,942,83,16,1,True
2486,832,69,16,1,True
2904,926,80,16,1,True
2991,942,77,16,1,True
2464,770,60,16,1,True
2702,856,69,16,1,True
3063,968,83,16,1,True
2792,910,77,16,1,True
2296,754,54,16,1,True
3111,968,86,16,1,True
3398,1017,77,16,1,True
2299,741,57,16,1,True
2739,865,71,16,1,True
1817,610,39,16,1,True
3159,991,86,16,1,True
1808,604,36,16,1,True
2411,778,63,16,1,True
2968,926,80,16,1,True
3130,971,84,16,1,True
3304,982,80,16,1,True
2920,914,71,16,1,True
3053,963,86,16,1,True
3027,953,77,16,1,True
2321,746,57,16,1,True
3050,962,83,16,1,True
2492,815,65,16,1,True
2751,882,71,16,1,True
3094,952,83,16,1,True
2727,874,72,16,1,True
2127,645,63,16,0,True
2157,706,49,16,1,True
3074,968,83,16,1,True
2960,909,75,16,1,True
3216,974,80,16,1,True
2876,938,83,16,1,True
2872,926,80,16,1,True
3172,972,83,16,1,True
2992,951,86,16,1,True
3144,987,77,16,1,True
2344,736,51,16,1,True
2516,808,62,16,1,True
2939,953,86,16,1,True
1850,623,42,16,1,True
3361,1031,86,16,1,True
2793,884,72,16,1,True
2788,892,70,16,1,True
2990,948,86,16,1,True
1989,668,49,16,1,True
2909,934,77,16,1,True
3008,957,86,16,1,True
2965,934,77,16,1,True
2347,752,54,16,1,True
2300,746,57,16,1,True
3084,847,76,16,0,True
3153,1012,86,16,1,True
2864,915,77,16,1,True
3017,957,86,16,1,True
2165,698,50,16,1,True
2643,851,71,16,1,True
2633,832,62,16,1,True
2487,803,62,16,1,True
1827,605,36,16,1,True
2390,768,57,16,1,True
3155,964,83,16,1,True
2439,785,57,16,1,True
1992,659,43,16,1,True
1908,618,39,16,1,True
2776,837,80,16,1,True
3005,928,77,16,1,True
2717,896,78,16,1,True
2990,951,83,16,1,True
2169,632,54,16,1,True
1971,648,40,16,1,True
2451,764,57,16,1,True
2408,754,54,16,1,True
2528,828,72,16,1,True
1849,619,39,16,1,True
2906,936,80,16,1,True
3038,957,80,16,1,True
2725,872,76,16,1,True
2844,895,75,16,1,True
3027,945,78,16,1,True
2462,771,58,16,1,True
2643,827,62,16,1,True
2991,955,87,16,1,True
2923,946,83,16,1,True
2821,889,75,16,1,True
2037,661,46,16,1,True
2949,934,83,16,1,True
2908,911,77,16,1,True
2178,694,49,16,1,True
2355,776,60,16,1,True
2786,905,77,16,1,True
3198,984,83,16,1,True
3134,965,80,16,1,True
3051,958,77,16,1,True
2451,787,60,16,1,True
3018,949,83,16,1,True
1847,608,36,16,1,True
2996,933,77,16,1,True
2831,904,76,16,1,True
3132,981,86,16,1,True
3066,987,86,16,1,True
3314,1004,83,16,1,True
3159,983,86,16,1,True
2076,671,41,16,1,True
2474,782,57,16,1,True
2604,795,50,16,1,True
2882,910,77,16,1,True
2759,849,84,16,1,True
2773,907,77,16,1,True
3022,949,80,16,1,True
3216,980,80,16,1,True
3065,957,83,16,1,True
2767,933,80,16,1,True
2618,858,72,16,1,True
3037,954,80,16,1,True
3020,933,79,16,1,True
3292,997,86,16,1,True
3053,954,86,16,1,True
1997,669,49,16,1,True
2083,683,49,16,1,True
2711,824,60,16,1,True
2032,671,49,16,1,True
2309,739,54,16,1,True
2660,837,65,16,1,True
2541,810,62,16,1,True
2977,962,86,16,1,True
1886,615,36,16,1,True
2146,708,51,16,1,True
2570,850,70,16,1,True
2941,934,83,16,1,True
2021,656,43,16,1,True
3164,983,83,16,1,True
2915,947,86,16,1,True
3318,978,80,16,1,True
2048,669,47,16,1,True
3206,956,77,16,1,True
2298,741,54,16,1,True
2879,920,77,16,1,True
3183,977,80,16,1,True
2816,891,73,16,1,True
2777,911,80,16,1,True
2330,748,57,16,1,True
2535,795,64,16,1,True
2028,664,49,16,1,True
3124,992,86,16,1,True
2803,896,75,16,1,True
2947,929,77,16,1,True
2880,861,86,16,1,True
1848,614,36,16,1,True
2059,680,46,16,1,True
3151,967,83,16,1,True
3257,1004,83,16,1,True
3026,966,83,16,1,True
3070,967,86,16,1,True
2969,954,86,16,1,True
2609,828,65,16,1,True
1810,605,33,16,1,True
2439,781,63,16,1,True
2366,763,57,16,1,True
1968,644,43,16,1,True
2107,691,49,16,1,True
2611,843,69,16,1,True
2922,931,80,16,1,True
2668,851,69,16,1,True
2981,938,83,16,1,True
3148,955,77,16,1,True
2122,645,57,16,1,True
3048,949,86,16,1,True
2954,937,80,16,1,True
3263,981,77,16,1,True
1838,617,39,16,1,True
3157,995,86,16,1,True
2334,735,51,16,1,True
2764,888,75,16,1,True
3069,941,80,16,1,True
2812,886,73,16,1,True
2416,798,60,16,1,True
2000,659,46,16,1,True
2872,930,86,16,1,True
2508,821,65,16,1,True
2148,640,58,16,1,True
2411,795,62,16,1,True
2939,926,83,16,1,True
2635,831,65,16,1,True
2816,923,80,16,1,True
3038,971,83,16,1,True
2028,657,40,16,1,True
2966,893,71,16,1,True
3312,1034,86,16,1,True
3265,1017,83,16,1,True
3026,948,77,16,1,True
2714,838,83,16,1,True
2679,848,66,16,1,True
2925,932,86,16,1,True
3011,925,77,16,1,True
3382,1039,87,16,1,True
2990,936,80,16,1,True
3077,967,86,16,1,True
3022,950,80,16,1,True
3131,923,78,16,1,True
3112,947,73,16,1,True
3072,965,86,16,1,True
2935,942,77,16,1,True
2980,928,77,16,1,True
2613,849,68,16,1,True
3019,960,86,16,1,True
3186,971,80,16,1,True
3068,966,86,16,1,True
3003,932,77,16,1,True
3244,1015,83,16,1,True
2009,643,40,16,1,True
2946,887,69,16,1,True
2201,710,48,16,1,True
1901,625,42,16,1,True
2935,950,83,16,1,True
3073,938,80,16,1,True
2935,935,83,16,1,True
2063,691,46,16,1,True
2307,734,51,16,1,True
3124,958,83,16,1,True
3188,997,83,16,1,True
3198,982,86,16,1,True
2697,835,86,16,1,True
2265,732,52,16,1,True
2623,839,68,16,1,True
2700,823,62,16,1,True
2984,872,86,16,1,True
2999,948,83,16,1,True
2610,808,64,16,1,True
3023,960,83,16,1,True
3122,958,81,16,1,True
3336,1017,83,16,1,True
2358,675,60,16,1,True
2816,918,77,16,1,True
3010,969,86,16,1,True
2892,939,86,16,1,True
1985,663,46,16,1,True
2854,893,69,16,1,True
2323,742,54,16,1,True
2664,775,71,16,1,True
3187,989,80,16,1,True
3077,953,80,16,1,True
2307,753,57,16,1,True
2789,921,83,16,1,True
2926,930,83,16,1,True
2931,937,83,16,1,True
2932,936,86,16,1,True
2850,874,65,16,1,True
2201,726,54,16,1,True
3099,979,86,16,1,True
3093,969,89,16,1,True
2579,728,65,16,1,True
2564,825,68,16,1,True
3102,984,83,16,1,True
2447,787,64,16,1,True
2626,834,76,16,1,True
2905,932,80,16,1,True
2023,613,52,16,1,True
2001,658,44,16,1,True
2679,840,62,16,1,True
2424,772,57,16,1,True
2117,696,48,16,1,True
3031,948,83,16,1,True
3127,988,86,16,1,True
1989,644,40,16,1,True
2395,763,57,16,1,True
3122,972,80,16,1,True
2995,940,77,16,1,True
2303,752,60,16,1,True
3314,1010,83,16,1,True
2331,743,54,16,1,True
2868,921,77,16,1,True
1975,663,49,16,1,True
3086,974,83,16,1,True
2798,873,72,16,1,True
2853,870,71,16,1,True
2835,869,89,16,1,True
2121,704,51,16,1,True
2292,745,57,16,1,True
3009,944,80,16,1,True
2256,729,48,16,1,True
1948,641,44,16,1,True
2037,666,46,16,1,True
3529,1023,80,16,1,True
1840,595,33,16,1,True
2996,930,77,16,1,True
2970,951,86,16,1,True
2855,921,77,16,1,True
2894,928,80,16,1,True
1844,608,36,16,1,True
2405,767,60,16,1,True
2790,976,46,50,1,True
1757,566,46,16,0,True
1049,328,14,24,0,True
2203,707,23,35,0,True
2556,873,69,33,0,True
1692,558,39,21,0,True
2596,825,55,40,1,True
1300,394,31,13,0,True
2487,886,33,38,1,True
1813,620,55,26,0,True
1684,518,44,30,0,True
1723,554,47,25,0,True
1301,399,21,25,1,True
2255,738,52,28,0,True
1786,564,42,31,0,True
2592,873,75,32,0,True
790,249,14,16,0,True
1423,376,26,9,0,True
1940,632,62,25,0,True
1337,417,26,15,0,True
1206,373,20,22,0,True
1607,528,49,25,0,True
2105,633,30,23,0,True
2063,707,53,32,0,True
2334,708,45,34,1,True
1571,466,33,27,0,True
1986,577,41,27,0,True
1179,366,30,19,0,True
2422,785,41,43,0,True
2126,659,61,30,0,True
1574,453,36,19,0,True
1732,543,26,23,1,True
1889,602,48,22,1,True
2085,690,41,28,3,True
2615,834,58,36,0,True
951,336,18,21,0,True
1202,393,17,25,0,True
1501,523,36,27,0,True
828,284,14,18,0,True
1976,614,45,31,0,True
1422,408,32,18,0,True
3792,1109,83,40,0,True
1950,587,49,18,0,True
1413,460,36,15,0,True
1869,594,40,33,0,True
1122,334,31,12,0,True
1754,609,55,21,0,True
3070,1004,41,45,3,True
2637,778,64,29,0,True
1218,415,29,22,0,True
2181,652,41,27,0,True
1344,389,46,8,0,True
1755,540,42,25,0,True
1756,545,43,21,0,True
1386,438,50,11,0,True
1300,406,33,23,0,True
2282,677,47,29,1,True
3995,1413,112,50,0,True
1404,437,38,22,0,True
3635,1103,80,33,0,True
1289,391,15,21,0,True
1543,465,28,16,0,True
2451,779,45,28,0,True
1791,589,42,35,0,True
1739,493,31,22,1,True
1459,466,23,24,0,True
1476,486,29,31,0,True
2322,687,56,24,0,True
1588,493,37,20,0,True
2276,745,56,31,0,True
1390,397,32,16,0,True
2425,765,50,37,0,True
947,278,22,9,0,True
1311,414,35,16,0,True
2036,631,29,49,0,True
1995,660,29,19,1,True
2354,794,44,33,1,True
3618,1155,67,32,0,True
1344,411,30,18,0,True
2778,784,49,34,0,True
1771,548,34,19,0,True
1156,354,28,13,0,True
2196,640,41,28,0,True
2076,621,33,33,1,True
1813,581,46,22,1,True
1938,626,40,33,0,True
1918,567,41,23,0,True
1812,640,40,26,2,True
2680,1115,102,38,1,True
1264,397,38,10,0,True
1186,359,30,11,0,True
2834,959,51,47,0,True
1061,348,20,22,0,True
1024,298,19,12,0,True
1360,420,30,20,0,True
3017,1009,72,44,1,True
660,191,13,7,1,True
2071,625,34,32,0,True
1718,543,39,28,1,True
1480,460,33,27,0,True
1674,500,52,11,0,True
2861,1013,62,44,1,True
3009,1017,65,32,0,True
1869,578,52,19,0,True
2424,732,55,31,0,True
2753,896,55,56,0,True
2996,892,55,33,0,True
1394,373,26,14,0,True
1997,623,42,27,0,True
2623,832,43,46,1,True
922,283,14,19,0,True
1793,547,33,38,0,True
1520,498,25,25,0,True
2092,742,51,28,2,True
1012,304,32,9,0,True
1292,396,29,17,0,True
2333,789,42,31,0,True
2969,930,37,30,0,True
1700,530,37,10,1,True
1336,432,36,18,0,True
1931,573,33,31,0,True
1262,399,24,14,0,True
2284,757,67,27,0,True
1846,540,49,13,0,True
2182,704,36,38,0,True
1771,536,42,23,0,True
880,294,19,11,0,True
4028,1333,74,46,0,True
2141,663,59,27,0,True
2268,719,30,38,0,True
1444,466,28,27,0,True
1233,365,15,16,1,True
3219,939,57,34,0,True
1370,411,23,20,0,True
2269,722,30,46,0,True
1148,365,34,16,0,True
3143,1084,94,50,0,True
1614,535,23,33,1,True
1367,459,26,18,1,True
1821,576,39,14,0,True
2480,962,48,25,1,True
1940,669,44,34,0,True
1572,493,27,26,0,True
1472,478,36,23,0,True
1581,450,27,18,0,True
2034,618,39,30,0,True
1894,611,44,26,0,True
1629,488,33,29,0,True
1402,447,18,26,0,True
725,227,20,10,0,True
2611,786,71,25,0,True
2358,812,39,43,1,True
2301,694,40,41,0,True
1686,511,41,18,0,True
1515,470,39,14,0,True
1731,533,32,28,0,True
1826,607,42,22,0,True
2399,765,36,50,0,True
2049,760,89,24,0,True
1340,454,32,24,0,True
1705,513,37,23,0,True
1637,537,42,21,0,True
1925,567,44,25,0,True
1985,653,36,33,1,True
2222,669,68,23,0,True
1305,408,24,22,0,True
2009,607,51,21,0,True
2439,842,98,11,1,True
1987,587,31,26,0,True
1946,567,31,32,0,True
1995,616,45,27,0,True
1930,601,38,40,0,True
2301,709,54,28,0,True
1167,410,36,15,0,True
2084,696,74,12,0,True
851,266,16,13,0,True
1755,546,24,32,1,True
1664,548,27,29,0,True
2086,662,28,41,0,True
2213,678,43,36,0,True
1668,543,43,22,0,True
1084,352,26,16,1,True
2009,650,42,37,0,True
711,227,30,0,0,True
1030,314,21,13,0,True
1720,505,48,16,0,True
2200,708,40,48,0,True
1337,420,35,21,0,True
1976,625,61,19,0,True
2118,678,35,39,0,True
2507,818,37,25,0,True
2040,586,40,29,0,True
2186,693,40,48,0,True
1929,647,54,22,0,True
2027,629,57,18,1,True
1757,542,29,31,0,True
923,302,18,13,0,True
1470,474,55,11,3,True
1588,515,33,28,0,True
1985,674,51,41,0,True
3336,911,58,44,0,True
2191,695,46,33,0,True
2246,688,54,34,0,True
1887,642,36,35,0,True
972,315,23,17,0,True
2647,869,54,41,0,True
3423,1055,57,58,0,True
1889,616,44,28,0,True
1795,576,39,31,0,True
2057,631,40,27,0,True
2032,675,51,20,0,True
3109,1112,69,44,3,True
2055,672,54,23,0,True
1637,553,33,28,0,True
2814,894,47,42,0,True
1619,528,27,34,1,True
2607,773,36,41,0,True
2848,1011,69,42,1,True
1781,544,39,17,0,True
2598,917,51,43,0,True
1874,592,42,27,0,True
2664,973,56,41,1,True
1204,426,37,19,0,True
4097,1292,85,54,0,True
1370,439,28,23,1,True
1663,592,69,11,0,True
2464,744,38,46,0,True
2452,827,41,29,1,True
2407,789,76,33,0,True
2126,668,54,28,0,True
1516,487,24,32,0,True
1743,542,42,22,1,True
2458,821,40,45,0,True
1416,480,29,26,0,True
727,217,17,11,0,True
1848,634,25,41,0,True
3177,1016,68,47,1,True
858,251,16,16,0,True
2056,620,40,33,0,True
1550,470,26,28,0,True
1013,335,48,0,0,True
1717,567,24,31,1,True
2471,775,41,24,0,True
1454,554,37,25,0,True
2182,764,40,36,0,True
1955,630,65,18,0,True
966,336,28,15,0,True
1570,522,53,24,0,True
2118,740,58,30,0,True
2323,718,68,28,0,True
1396,443,37,20,0,True
1526,515,37,25,2,True
1655,496,28,26,0,True
3267,1051,57,51,0,True
1840,562,26,25,0,True
1316,444,38,18,0,True
1719,530,31,24,0,True
1727,536,33,35,0,True
1833,583,46,17,0,True
2982,1009,43,66,0,True
3297,1006,70,51,0,True
2221,643,56,21,0,True
1669,523,32,27,0,True
2447,798,47,36,0,True
2309,774,35,21,5,True
2176,693,46,35,0,True
1582,518,43,18,0,True
1523,461,30,26,0,True
1070,343,23,16,0,True
1914,568,50,18,0,True
1760,563,33,23,0,True
1418,463,42,18,0,True
2078,637,49,23,0,True
2237,697,45,38,0,True
1733,563,31,29,2,True
1411,509,48,22,0,True
1049,335,28,16,0,True
2548,846,53,17,0,True
1560,496,26,23,0,True
3219,1062,65,47,0,True
1894,654,58,16,2,True
2924,957,77,37,0,True
4590,1369,158,45,0,True
1785,566,35,23,0,True
2284,680,45,31,0,True
1936,641,46,30,0,True
1019,323,16,24,0,True
4042,1271,89,52,0,True
1495,468,27,25,0,True
1324,407,25,19,0,True
1185,396,29,16,0,True
1537,497,24,32,0,True
1729,564,62,22,0,True
2425,751,33,36,0,True
1701,564,39,28,0,True
2685,889,48,43,0,True
2047,676,42,34,0,True
1409,470,41,26,0,True
2952,985,83,35,0,True
1359,420,33,17,0,True
1856,560,31,31,0,True
2149,754,40,41,1,True
1258,401,31,23,0,True
2059,657,39,37,0,True
2053,588,33,32,0,True
2327,666,56,22,0,True
1720,554,66,0,0,True
1653,487,39,21,0,True
2372,764,47,47,0,True
1594,538,35,27,0,True
1488,469,27,23,0,True
1671,559,31,35,0,True
2408,737,47,32,0,True
1598,478,57,0,0,True
911,279,25,11,1,True
3067,1013,60,70,0,True
2136,683,41,40,0,True
1135,357,21,18,0,True
2084,661,39,20,0,True
3963,1310,93,59,0,True
3273,1149,84,30,0,True
3041,923,58,29,4,True
1612,521,35,29,0,True
2612,775,30,25,0,True
1993,620,49,23,0,True
3435,1336,55,10,1,True
1975,666,65,25,0,True
1407,420,26,24,0,True
1873,602,54,17,0,True
3866,1221,93,45,1,True
2949,911,57,40,0,True
1191,381,29,9,0,True
2506,799,62,20,0,True
1700,539,32,25,0,True
2885,818,44,27,2,True
1415,473,39,20,0,True
1949,675,32,35,1,True
842,263,18,15,0,True
2846,879,45,38,1,True
1506,523,29,21,1,True
1609,482,39,23,0,True
2055,662,58,28,0,True
1503,483,28,24,0,True
925,271,25,10,0,True
1606,497,35,29,0,True
3154,1061,45,48,0,True
2858,933,73,54,0,True
1306,391,33,15,0,True
1971,561,52,16,0,True
2420,752,39,44,1,True
2938,915,50,52,1,True
2932,979,59,53,0,True
1396,403,24,18,3,True
1945,613,33,30,1,True
880,255,19,13,0,True
798,234,34,0,0,True
2486,799,84,43,0,True
2257,658,49,25,0,True
3023,972,51,48,0,True
1704,481,32,17,0,True
2267,829,34,24,1,True
1587,490,22,28,0,True
1930,549,38,22,0,True
2325,868,41,30,1,True
1724,524,23,39,0,True
1721,517,31,30,0,True
1777,598,36,31,0,True
1125,355,24,16,0,True
3143,1064,54,58,0,True
1475,499,50,20,0,True
1972,592,38,32,0,True
1272,409,23,23,0,True
2450,818,55,37,1,True
4251,1186,77,51,0,True
2769,885,77,37,0,True
2543,971,58,19,1,True
1398,422,21,21,1,True
1200,362,46,13,0,True
2202,749,48,44,0,True
1012,291,21,14,0,True
2152,697,44,33,0,True
2031,605,43,21,1,True
1550,528,30,27,0,True
2340,842,50,46,0,True
2423,821,60,40,0,True
1424,477,22,32,0,True
1824,579,39,30,0,True
2902,845,79,26,0,True
2330,729,43,33,0,True
2212,655,56,17,0,True
2673,879,39,64,0,True
1653,506,40,23,0,True
1254,403,21,17,0,True
1600,473,33,21,0,True
1647,464,36,12,0,True
1490,530,25,14,3,True
1509,472,19,29,0,True
1842,563,35,35,0,True
2379,671,33,26,0,True
2413,750,64,14,0,True
4450,1408,104,33,0,True
1766,608,47,32,0,True
1415,463,20,30,0,True
2139,696,29,43,0,True
1755,628,31,33,0,True
1586,437,27,13,0,True
1441,431,35,18,0,True
1656,524,36,30,0,True
2331,840,43,35,1,True
1740,579,35,27,1,True
1792,579,30,30,1,True
2403,755,62,37,0,True
995,304,26,13,0,True
1515,498,44,22,0,True
1503,470,34,24,0,True
2144,697,45,49,0,True
1380,415,19,29,0,True
1863,593,56,18,0,True
1744,519,38,21,0,True
1712,552,29,35,0,True
4154,1195,87,48,1,True
1380,408,25,22,0,True
1232,373,17,22,0,True
1367,422,24,14,0,True
3418,1155,65,69,0,True
2339,714,27,24,2,True
1377,409,31,17,0,True
1810,557,46,26,0,True
3068,944,38,29,1,True
1439,441,35,23,0,True
1167,372,31,24,0,True
1734,535,27,31,1,True
2159,700,54,39,0,True
2111,620,50,30,0,True
2566,773,54,31,0,True
3509,1202,63,61,1,True
3005,1036,49,48,0,True
1984,645,52,35,0,True
1635,556,32,28,0,True
2853,877,47,48,0,True
1684,522,28,26,0,True
1982,688,37,42,0,True
3402,1107,53,41,0,True
1144,330,38,0,0,True
913,296,17,16,0,True
1538,463,41,18,0,True
2359,669,44,28,0,True
2093,601,44,25,1,True
873,276,21,10,0,True
1293,403,26,22,0,True
1863,620,60,22,0,True
3169,1005,62,42,0,True
1919,576,31,27,0,True
1508,498,26,31,0,True
1391,571,57,19,0,True
1199,418,23,26,0,True
1664,507,34,28,0,True
2728,900,49,42,0,True
1450,452,31,31,0,True
2497,764,46,38,0,True
2296,708,42,36,0,True
1172,333,25,15,0,True
1055,305,15,19,0,True
2778,842,53,29,0,True
1922,571,31,28,0,True
2051,633,51,30,0,True
2424,737,37,35,0,True
2174,688,42,42,1,True
1418,438,32,21,0,True
1985,615,43,31,0,True
1350,424,26,21,1,True
1322,417,30,20,0,True
1501,493,40,14,0,True
2857,941,73,47,0,True
2895,897,77,25,0,True
960,326,16,9,1,True
2322,752,61,33,0,True
1478,441,32,22,0,True
2130,745,50,34,0,True
1789,507,53,17,0,True
2039,589,28,33,0,True
1476,531,20,30,0,True
1741,547,32,31,0,True
2142,708,35,36,0,True
1057,331,24,14,0,True
1080,325,19,15,3,True
1448,416,20,19,3,True
2106,687,41,37,0,True
1234,384,23,24,0,True
2744,918,45,48,0,True
2061,610,40,32,0,True
1188,365,39,13,0,True
2122,631,45,30,0,True
1530,523,30,26,2,True
2349,728,42,30,1,True
2541,773,42,22,0,True
2105,687,48,32,0,True
2543,747,41,45,0,True
2594,807,53,33,0,True
2099,675,34,41,0,True
2841,918,53,36,0,True
1901,598,43,21,0,True
1992,639,44,29,0,True
2203,665,30,33,0,True
1839,588,42,26,0,True
2647,828,48,48,0,True
1103,362,23,19,0,True
2284,697,27,42,0,True
1241,387,22,23,0,True
1365,450,32,22,0,True
2589,839,46,36,1,True
1547,461,46,12,0,True
1658,511,39,26,0,True
1360,452,31,23,0,True
1475,445,32,23,0,True
2508,830,62,29,0,True
3247,1051,61,44,0,True
2207,674,50,33,1,True
3053,1104,41,45,1,True
1891,658,50,27,0,True
1590,519,45,25,0,True
1711,538,31,26,0,True
1906,600,50,23,0,True
1694,538,34,23,0,True
1696,527,39,24,0,True
1397,432,28,26,0,True
2882,976,42,67,0,True
2004,657,41,31,0,True
1735,538,37,26,0,True
1707,544,37,31,0,True
992,344,33,15,0,True
2393,757,53,38,0,True
2150,663,37,42,0,True
1011,321,18,22,0,True
2415,760,52,31,0,True
1788,568,36,26,0,True
1455,430,31,28,0,True
1416,430,26,22,0,True
1781,656,49,29,0,True
1532,457,30,29,0,True
2666,864,70,35,0,True
1918,657,42,34,0,True
2257,719,39,43,0,True
1997,710,83,15,0,True
2206,738,41,25,0,True
1541,504,33,23,2,True
2278,722,58,39,0,True
2472,781,44,43,0,True
2401,825,84,30,0,True
1745,570,40,30,0,True
1866,629,59,28,0,True
3141,932,59,55,1,True
1107,359,46,8,0,True
1349,396,33,11,0,True
1948,582,34,22,0,True
1021,308,17,21,0,True
1746,564,42,28,0,True
1915,664,45,28,0,True
906,305,35,8,0,True
2018,641,25,35,0,True
2368,792,44,39,0,True
1479,474,34,25,0,True
2169,668,40,37,0,True
3155,936,71,24,1,True
1047,330,18,14,0,True
1657,566,45,32,0,True
1630,557,30,30,0,True
2040,641,35,34,0,True
1332,425,24,30,0,True
1431,416,35,14,0,True
4023,1267,40,56,2,True
1887,627,57,24,0,True
2031,633,27,40,0,True
2264,664,31,30,1,True
1766,504,35,19,0,True
2500,751,69,16,1,True
1918,646,39,32,0,True
1553,523,27,31,0,True
1708,592,42,30,0,True
1498,455,31,27,0,True
1787,554,26,36,0,True
2731,847,48,31,1,True
2735,911,93,34,0,True
3154,1066,82,42,0,True
1923,602,29,30,0,True
2440,758,66,24,0,True
1580,506,33,27,0,True
2380,844,46,36,4,True
1218,377,19,19,1,True
962,310,27,13,0,True
1172,387,23,18,0,True
2303,776,57,30,1,True
1409,454,28,21,0,True
2529,848,55,54,0,True
1760,595,35,31,0,True
1734,563,43,23,0,True
1486,462,32,21,0,True
1138,327,20,14,1,True
1619,475,38,22,0,True
1295,462,18,26,1,True
1525,459,30,24,0,True
1485,494,34,19,0,True
1328,413,29,15,0,True
3116,996,83,52,0,True
2510,717,48,39,0,True
1973,635,48,39,0,True
2582,875,49,43,1,True
2259,780,33,33,1,True
1417,456,37,18,0,True
1727,560,34,26,0,True
2886,934,58,36,0,True
1384,440,27,21,0,True
1900,579,39,19,1,True
1514,481,61,17,0,True
1281,402,31,15,0,True
1590,470,35,18,0,True
534,162,14,6,0,True
1193,398,22,25,0,True
1591,485,33,23,0,True
2304,720,53,28,0,True
1000,311,24,12,0,True
2520,838,67,37,0,True
2296,699,52,33,0,True
1698,564,42,25,0,True
1383,403,31,18,0,True
1577,498,36,23,0,True
1124,352,25,19,0,True
3487,1092,72,40,0,True
1973,629,48,34,0,True
4009,1329,94,61,0,True
2464,797,60,47,0,True
1021,343,15,22,0,True
1990,617,34,41,0,True
1322,408,32,20,0,True
3611,1072,51,32,0,True
2609,776,64,15,0,True
2177,733,50,44,0,True
2200,715,40,36,1,True
2028,662,39,32,0,True
2074,650,31,43,1,True
1879,632,58,18,0,True
2607,778,38,25,1,True
1672,507,31,29,0,True
3403,1000,47,37,0,True
1529,469,31,20,0,True
2048,597,43,27,0,True
1413,496,39,21,0,True
2677,831,49,36,1,True
2033,690,55,22,0,True
698,215,34,0,0,True
1367,496,22,27,0,True
1288,383,26,16,0,True
713,254,29,9,0,True
3638,1368,44,58,1,True
2154,664,50,31,0,True
1363,402,25,20,0,True
1186,339,22,15,0,True
2157,710,61,36,0,True
713,230,20,11,0,True
1639,511,33,32,0,True
2346,801,91,31,0,True
3378,1126,51,67,0,True
3281,1003,80,50,0,True
2458,822,58,28,1,True
1786,493,39,19,0,True
2459,817,63,34,0,True
2337,730,43,36,0,True
1933,618,44,22,0,True
1420,456,33,22,0,True
1981,681,56,31,0,True
1347,422,28,28,0,True
1497,438,25,26,0,True
2006,599,38,32,0,True
1780,601,26,40,0,True
2450,775,44,47,0,True
1317,457,34,20,0,True
1807,586,39,27,0,True
1896,597,41,30,0,True
2245,829,42,32,3,True
1456,455,40,18,0,True
3170,947,66,35,1,True
1770,618,43,26,0,True
2883,953,53,35,2,True
1480,469,33,27,0,True
1229,384,18,23,0,True
1925,632,43,34,0,True
1295,398,23,23,0,True
1243,413,38,14,0,True
1976,664,30,41,1,True
2227,728,42,36,0,True
1468,487,20,33,0,True
2490,768,51,39,0,True
1943,579,49,17,0,True
992,322,16,23,0,True
1935,603,38,36,0,True
2945,891,60,43,0,True
1122,367,34,14,0,True
2150,657,48,22,0,True
1604,583,34,20,1,True
2203,735,59,40,0,True
1913,577,30,36,0,True
1536,466,43,18,0,True
2407,706,44,30,0,True
2732,886,50,45,0,True
2841,908,62,53,0,True
1777,606,53,21,0,True
2332,748,55,29,0,True
2948,882,39,27,0,True
1437,463,34,21,0,True
1743,560,42,21,0,True
622,216,25,9,0,True
2360,706,41,39,0,True
2341,682,44,27,0,True
2002,679,38,24,1,True
2805,890,34,40,1,True
2449,878,83,25,0,True
1063,355,20,20,0,True
2356,707,44,36,0,True
1002,304,25,10,0,True
1268,410,30,15,0,True
2688,836,40,46,0,True
1937,637,31,38,0,True
1955,572,50,23,0,True
1395,460,29,34,0,True
1942,601,53,26,0,True
1133,366,36,17,0,True
2308,702,47,56,0,True
1478,494,22,36,0,True
1979,638,44,26,0,True
2019,612,36,25,0,True
1951,641,34,45,0,True
1904,664,41,26,0,True
2025,641,52,37,0,True
2238,645,36,30,1,True
1985,674,49,37,0,True
1523,481,23,23,0,True
3107,939,65,53,0,True
756,228,16,6,0,True
3103,1031,77,54,0,True
2551,801,64,25,0,True
2384,723,50,29,0,True
1701,510,36,31,0,True
2050,618,37,32,0,True
1721,512,26,35,0,True
2357,782,40,45,0,True
1981,730,47,32,0,True
1245,421,29,25,0,True
1739,622,38,24,0,True
1316,433,25,15,0,True
2863,875,53,39,0,True
2598,764,68,22,0,True
2290,754,33,40,0,True
2102,698,54,39,0,True
1666,508,37,15,0,True
1411,410,26,18,0,True
2372,729,45,28,0,True
1316,368,20,0,1,True
1752,508,36,26,0,True
1494,477,28,26,1,True
3241,866,57,37,1,True
1396,453,25,31,0,True
1954,616,42,24,0,True
1538,459,47,13,0,True
1954,555,61,10,0,True
2110,658,46,29,0,True
2477,783,62,23,0,True
1351,453,35,22,0,True
1930,579,38,27,0,True
2042,626,32,35,0,True
2107,636,36,31,0,True
1499,499,43,18,0,True
1515,502,45,15,0,True
2846,959,60,51,1,True
2616,841,75,33,0,True
1547,460,35,16,1,True
1597,479,50,20,0,True
3108,844,50,24,1,True
1410,411,30,22,0,True
2052,648,41,34,0,True
2322,672,65,20,0,True
2189,684,32,44,0,True
2584,773,45,47,0,True
1655,512,39,19,0,True
1686,572,41,21,0,True
1158,379,19,18,0,True
2423,637,31,26,0,True
1295,432,36,23,0,True
1770,520,48,18,0,True
1916,608,40,31,0,True
2309,737,46,23,0,True
1150,368,29,13,0,True
2031,656,44,28,0,True
1690,557,42,35,0,True
1813,570,37,23,0,True
2527,805,55,38,0,True
1273,418,21,28,1,True
846,294,14,17,0,True
993,333,22,18,0,True
2437,747,55,27,1,True
937,286,15,20,0,True
3392,864,59,26,0,True
2877,969,49,39,1,True
3237,1092,109,21,0,True
1886,710,44,21,1,True
3365,1193,55,48,1,True
1896,561,39,14,1,True
1568,544,32,29,1,True
1961,551,30,30,0,True
2105,686,40,31,0,True
1367,409,22,24,0,True
1722,475,22,24,0,True
1781,531,36,34,0,True
2855,836,59,27,0,True
2836,886,56,38,0,True
1749,580,42,31,1,True
1799,609,46,30,0,True
1462,512,29,20,0,True
2312,802,28,37,1,True
1441,438,33,17,0,True
751,243,17,10,4,True
1409,428,25,23,0,True
1796,603,32,31,1,True
1123,358,16,21,1,True
2148,613,42,31,0,True
1384,475,21,27,1,True
2239,679,44,26,0,True
1245,420,29,25,0,True
1939,621,30,31,0,True
4287,1227,100,42,0,True
1943,584,40,30,0,True
1177,413,32,12,0,True
2449,777,34,30,0,True
1767,579,70,21,0,True
1982,650,50,33,0,True
1241,383,43,7,0,True
1900,599,36,28,0,True
3535,1282,79,48,1,True
1876,620,37,27,0,True
2517,823,36,43,0,True
2776,852,36,60,0,True
1279,441,27,22,1,True
1689,527,32,23,0,True
1682,569,42,22,0,True
2162,705,53,30,0,True
1161,376,38,15,0,True
1374,470,31,25,0,True
2458,783,53,30,0,True
2647,805,34,36,0,True
1854,592,42,22,0,True
1612,475,36,24,0,True
1467,525,47,20,0,True
3055,958,51,42,0,True
2318,764,47,40,0,True
1195,384,27,16,0,True
1205,364,18,19,0,True
1921,618,32,34,0,True
2114,695,23,56,1,True
3090,976,65,50,0,True
1623,583,37,17,1,True
1687,576,46,29,0,True
1042,312,24,15,0,True
2722,860,46,51,0,True
1827,583,54,21,0,True
1431,448,41,10,1,True
2380,720,48,34,0,True
1733,469,42,15,0,True
2143,649,35,33,1,True
1951,630,41,34,0,True
1358,441,34,21,2,True
2077,653,35,28,0,True
1352,438,35,25,0,True
2223,672,38,35,0,True
2687,795,49,33,2,True
3187,912,58,39,0,True
1453,448,30,21,0,True
2670,911,111,23,0,True
1809,589,39,27,0,True
2217,694,47,45,0,True
2218,776,61,38,0,True
1666,535,44,30,0,True
1161,348,22,23,0,True
2224,719,45,34,0,True
3105,971,65,42,0,True
2033,587,23,35,0,True
2041,605,34,24,0,True
2418,838,26,29,0,True
1382,438,28,20,0,True
1894,616,50,25,0,True
1331,393,32,13,0,True
1332,304,23,5,0,True
1984,612,38,38,0,True
3386,1163,88,38,1,True
1642,550,29,25,0,True
1058,328,35,10,0,True
1631,529,54,12,0,True
1273,440,29,18,0,True
2062,650,54,22,1,True
1609,481,35,28,0,True
1183,385,39,13,1,True
1557,505,42,23,0,True
1323,423,23,25,0,True
1479,469,33,20,0,True
1472,443,35,20,0,True
1619,467,35,19,0,True
2787,900,64,22,0,True
1842,611,54,18,0,True
2911,930,43,56,0,True
1155,347,30,10,0,True
1362,434,19,27,0,True
2159,681,32,32,1,True
1211,413,41,18,0,True
1404,453,36,21,0,True
1600,485,32,26,1,True
4441,1336,46,50,0,True
1884,576,46,23,0,True
2493,869,67,48,0,True
2628,1003,144,34,0,True
1618,526,31,16,0,True
2582,829,61,39,0,True
1963,621,37,20,0,True
947,282,40,0,0,True
2539,898,46,38,0,True
1587,479,47,15,0,True
1309,418,22,25,0,True
2232,709,46,27,0,True
1541,529,41,27,0,True
3093,875,67,38,0,True
2634,734,53,27,0,True
2179,736,50,36,0,True
2258,738,35,39,0,True
3421,1040,71,27,1,True
1727,511,54,12,0,True
912,257,28,8,0,True
2176,673,65,17,0,True
2434,780,76,36,0,True
1612,474,24,28,0,True
2086,668,20,44,0,True
1546,462,26,23,0,True
1234,406,45,16,0,True
1272,431,24,26,0,True
832,245,26,3,0,True
2173,729,61,24,2,True
1831,613,51,28,0,True
1739,531,37,20,0,True
2656,853,85,25,1,True
1166,352,29,18,0,True
2425,728,56,31,0,True
2211,724,48,37,0,True
3081,951,50,48,0,True
1066,342,23,20,2,True
2154,646,52,32,0,True
1168,365,37,15,0,True
1782,565,35,28,0,True
1899,629,51,24,0,True
1385,425,36,24,0,True
1839,583,49,19,0,True
1838,572,41,31,0,True
2500,731,48,29,1,True
1451,452,44,9,0,True
1740,573,42,36,0,True
2759,894,64,37,0,True
2084,679,44,32,0,True
3266,1155,112,39,0,True
1317,420,16,24,1,True
2524,794,44,38,0,True
731,211,17,7,1,True
1126,350,18,18,0,True
2259,702,40,29,0,True
1912,625,40,29,0,True
3581,1139,92,57,0,True
1723,509,41,15,0,True
1439,467,17,25,1,True
1607,497,38,21,0,True
2175,746,44,22,1,True
2035,660,44,39,0,True
1764,539,45,20,0,True
1300,418,28,26,0,True
1594,487,33,21,0,True
1451,458,43,17,0,True
2679,811,50,46,0,True
2600,789,44,40,1,True
3349,1127,78,41,0,True
1682,492,39,25,0,True
2389,774,31,47,0,True
2412,719,62,26,0,True
2332,699,36,44,0,True
1933,593,48,27,0,True
1216,357,28,12,0,True
1289,428,37,19,0,True
1528,464,54,11,0,True
2247,696,52,27,0,True
1285,431,43,12,0,True
993,327,14,21,0,True
1196,365,29,16,1,True
1968,650,38,33,0,True
1227,394,30,16,0,True
2989,1254,245,23,0,True
1114,343,31,12,0,True
2888,975,39,62,0,True
1874,615,46,30,0,True
1514,474,25,27,0,True
1855,570,54,23,1,True
3152,989,57,48,0,True
2930,993,61,56,0,True
2092,595,47,16,0,True
1455,480,69,0,0,True
1472,469,40,32,0,True
1188,380,28,15,0,True
3029,1001,82,41,0,True
1779,603,37,28,1,True
2377,750,49,28,3,True
1417,423,24,23,1,True
2072,648,55,29,0,True
1805,512,30,23,0,True
1901,630,52,27,1,True
1308,426,36,19,0,True
876,273,19,15,0,True
2480,865,77,30,0,True
1549,468,20,29,2,True
1973,588,41,24,0,True
3160,1008,67,45,0,True
1602,494,22,36,0,True
2115,732,38,39,1,True
2508,764,48,45,0,True
1971,620,41,38,0,True
1469,474,48,20,0,True
1550,453,36,20,0,True
1714,592,58,16,0,True
1714,545,43,26,0,True
1413,413,25,25,0,True
1573,439,26,13,0,True
3375,1286,62,54,2,True
1971,695,43,40,1,True
1283,388,43,10,0,True
2336,775,53,30,2,True
3095,1068,64,43,1,True
1854,587,36,19,0,True
2165,707,60,25,0,True
1613,506,43,17,0,True
3550,1063,82,33,0,True
2305,721,58,29,0,True
1376,436,39,17,0,True
1968,600,43,33,0,True
1389,477,25,20,0,True
1685,557,26,31,0,True
2892,913,49,47,0,True
1603,464,39,15,0,True
859,285,21,19,0,True
3368,1008,76,44,1,True
1860,609,31,30,0,True
1712,553,33,26,0,True
1404,428,27,22,0,True
1946,571,42,12,0,True
1952,627,50,16,0,True
1787,566,32,29,0,True
2973,896,56,35,0,True
1599,594,28,17,4,True
1000,304,24,13,0,True
2187,656,45,24,0,True
1494,467,30,26,0,True
2180,700,52,35,0,True
1254,419,24,21,0,True
2747,904,80,32,0,True
2062,675,33,38,0,True
1341,407,38,11,1,True
2138,769,46,44,0,True
1649,562,35,24,0,True
2943,890,48,30,0,True
1785,532,34,29,0,True
1989,658,62,35,0,True
1319,445,26,23,0,True
2947,881,59,50,0,True
3250,1027,73,37,0,True
2436,713,49,33,0,True
2316,623,51,18,0,True
1822,568,39,20,0,True
1116,339,24,15,0,True
2492,818,62,36,0,True
1076,328,19,20,1,True
2923,976,37,36,1,True
2257,731,31,41,0,True
1262,380,39,17,0,True
927,300,26,9,0,True
2010,620,34,23,1,True
2500,753,64,25,0,True
2274,693,40,26,0,True
2050,683,47,31,0,True
1404,422,31,14,0,True
1576,502,18,29,0,True
2941,915,68,32,0,True
1551,509,40,21,0,True
1912,617,34,37,0,True
2019,668,52,14,1,True
1981,615,30,32,1,True
1388,399,20,23,0,True
2256,749,33,38,0,True
1839,547,31,29,0,True
1895,550,45,22,0,True
2147,664,65,19,0,True
2831,1039,114,32,0,True
1552,483,28,33,0,True
3393,991,59,47,1,True
2330,737,38,41,0,True
1578,526,35,30,0,True
2065,735,52,40,1,True
1249,399,22,27,0,True
1833,568,28,34,0,True
1367,443,28,22,0,True
1933,596,49,17,0,True
1111,376,36,15,0,True
1910,623,65,24,0,True
1574,487,31,24,0,True
1633,512,39,17,3,True
1653,519,56,20,0,True
1403,443,30,25,0,True
2773,871,55,49,0,True
4252,1344,95,24,0,True
1550,475,39,20,1,True
3297,1009,73,45,0,True
1441,428,23,23,0,True
3695,1091,59,31,0,True
1394,467,19,25,0,True
1516,460,39,13,0,True
1674,516,28,24,3,True
2904,877,67,43,2,True
979,341,27,12,0,True
3276,954,48,42,3,True
1452,448,34,26,0,True
2194,671,46,35,0,True
1607,529,45,23,0,True
2967,977,66,39,0,True
1243,403,32,23,0,True
2369,688,54,21,0,True
1561,537,50,19,0,True
2328,731,43,26,1,True
2064,653,37,41,0,True
1947,624,43,34,0,True
2699,828,63,26,0,True
1045,307,23,15,0,True
1942,690,52,28,0,True
1622,499,20,31,0,True
2850,818,59,35,0,True
1827,674,48,31,0,True
1941,611,44,23,0,True
1530,486,28,28,0,True
2833,897,65,39,0,True
2228,685,33,32,1,True
2652,825,66,25,1,True
1490,515,27,32,0,True
2113,692,73,18,0,True
2097,746,47,40,0,True
2987,966,67,45,0,True
2341,669,50,27,0,True
1884,610,50,25,0,True
1219,364,32,11,0,True
3705,1201,88,63,0,True
2561,901,33,50,2,True
1859,579,31,40,0,True
1924,595,47,26,0,True
3247,919,82,23,0,True
1742,619,59,20,0,True
1240,369,18,23,0,True
2476,700,55,31,0,True
2275,763,64,31,0,True
1948,660,33,38,0,True
2495,787,38,42,0,True
2338,685,49,23,0,True
1849,591,47,22,0,True
1855,616,37,23,1,True
2232,719,45,35,0,True
2446,843,55,40,0,True
2887,873,55,41,0,True
1392,406,40,7,0,True
1990,625,32,31,0,True
1394,425,23,20,0,True
3719,1031,65,52,0,True
3641,1149,51,54,0,True
2879,866,49,55,0,True
1449,480,23,21,0,True
1283,385,15,25,0,True
2400,763,48,31,0,True
1993,634,44,24,0,True
1123,358,21,20,0,True
1238,373,27,15,0,True
2646,845,43,43,0,True
3775,1168,73,62,0,True
1050,346,22,17,0,True
2119,657,64,23,0,True
1790,603,35,23,1,True
2480,703,31,41,1,True
2030,723,72,23,0,True
1845,560,41,31,0,True
2349,811,49,39,1,True
1030,315,25,14,0,True
1361,384,39,7,0,True
1316,396,34,14,0,True
2377,784,32,52,0,True
1473,460,23,26,0,True
947,320,17,16,0,True
2082,586,48,26,0,True
1536,472,37,23,0,True
1481,460,34,25,0,True
3202,971,75,28,0,True
1829,557,44,18,0,True
2057,639,38,29,0,True
873,244,20,16,0,True
1722,574,42,23,0,True
2351,688,63,21,0,True
1646,537,32,35,0,True
3066,963,47,38,0,True
1808,600,43,25,1,True
4387,1260,95,17,2,True
1126,355,31,11,0,True
732,249,25,10,0,True
1030,344,18,23,1,True
2429,745,41,28,0,True
2038,576,26,28,0,True
2669,828,58,24,0,True
1936,559,25,25,0,True
1767,562,33,30,0,True
3100,1048,52,62,0,True
2899,999,45,28,3,True
2951,1056,127,41,0,True
1718,559,38,25,0,True
1170,356,26,12,0,True
1963,603,39,27,0,True
1643,482,35,13,3,True
1571,508,56,14,0,True
1190,412,42,15,0,True
2759,933,54,50,0,True
1301,400,26,18,0,True
2182,766,51,41,0,True
1684,570,41,28,0,True
1681,503,67,14,0,True
1528,509,27,31,0,True
1936,590,33,24,0,True
1377,406,33,15,0,True
3238,1019,73,43,0,True
1933,498,32,11,1,True
1710,627,38,30,0,True
1579,465,39,19,0,True
1525,485,52,17,0,True
3263,1215,43,63,1,True
2903,1158,34,43,1,True
1380,459,31,23,0,True
1147,313,18,23,0,True
1075,358,26,18,0,True
1895,550,28,32,0,True
1548,487,28,23,1,True
2158,684,77,26,0,True
2094,661,32,40,0,True
1618,559,47,30,0,True
1349,448,42,23,0,True
1234,386,27,17,0,True
1743,560,36,35,1,True
1373,497,17,24,1,True
1519,504,33,31,0,True
1117,334,22,16,0,True
3058,959,69,39,0,True
2211,704,51,33,0,True
2648,865,69,39,1,True
1631,487,37,22,0,True
2809,888,52,42,1,True
1096,354,16,22,0,True
1313,423,35,14,2,True
369,128,7,3,0,True
2086,697,79,11,0,True
1998,630,47,28,0,True
2624,909,44,49,1,True
1882,574,34,20,1,True
1043,338,20,15,0,True
1709,540,28,24,0,True
1583,458,34,20,0,True
2506,878,44,32,0,True
1645,558,49,26,0,True
1940,622,72,20,0,True
3422,1063,45,49,1,True
1863,610,37,21,0,True
1338,429,35,23,0,True
1298,433,36,18,0,True
1676,508,34,22,0,True
1205,354,29,13,0,True
2651,909,64,42,0,True
2492,790,31,50,2,True
913,285,22,9,0,True
966,316,19,18,1,True
1656,531,35,23,0,True
1721,534,34,25,0,True
2534,845,59,50,0,True
1011,327,36,9,0,True
747,221,14,14,0,True
859,298,17,11,0,True
1845,579,38,30,0,True
2120,649,42,31,0,True
1519,493,30,26,0,True
2933,977,89,38,0,True
1880,584,38,24,0,True
1364,432,29,21,1,True
1823,578,46,23,0,True
970,323,26,18,0,True
2414,778,41,41,0,True
1499,420,33,20,0,True
1417,451,39,20,0,True
2978,979,77,37,1,True
1567,488,27,31,0,True
1380,419,33,17,0,True
1890,607,37,23,0,True
1670,548,27,19,1,True
3543,1027,74,29,0,True
3576,1178,65,45,2,True
1304,409,27,18,0,True
1672,533,25,25,3,True
1539,477,38,23,0,True
1428,483,28,23,1,True
1184,410,46,14,0,True
1509,493,30,22,0,True
1155,348,17,21,1,True
1443,436,40,15,0,True
2226,682,59,33,0,True
2257,720,59,31,0,True
782,264,20,10,0,True
3229,1069,46,60,0,True
3056,1061,63,37,5,True
2079,642,64,28,0,True
1644,536,47,23,0,True
1096,345,22,19,0,True
1827,593,44,20,0,True
1395,402,26,16,0,True
2973,1116,83,30,1,True
1489,461,39,20,0,True
2830,910,54,48,0,True
1980,664,44,25,0,True
2242,788,52,47,0,True
1971,604,44,30,0,True
2869,850,38,25,0,True
2639,776,69,26,0,True
2153,679,48,31,0,True
1034,347,19,17,0,True
2334,813,41,46,0,True
1236,394,19,21,0,True
1056,346,40,9,0,True
2701,807,48,55,0,True
2237,693,54,27,0,True
1376,447,29,20,1,True
1404,448,42,20,0,True
982,317,30,11,0,True
1189,393,22,17,0,True
1835,586,43,35,0,True
1447,466,21,24,0,True
1295,420,35,21,0,True
2051,685,42,28,1,True
2608,801,55,32,0,True
1496,457,28,15,2,True
3112,1036,139,21,1,True
1640,499,34,14,0,True
2065,654,34,33,0,True
1908,622,45,26,0,True
1880,554,33,25,0,True
2761,647,48,15,0,True
1478,507,46,21,0,True
1917,592,30,32,0,True
1832,571,42,24,0,True
1461,508,52,23,0,True
1483,497,21,28,0,True
1129,345,29,12,0,True
1737,505,28,30,0,True
1718,520,22,21,0,True
989,316,16,20,0,True
1371,436,43,14,0,True
1941,657,38,28,0,True
1722,536,51,24,0,True
1313,426,24,24,0,True
2808,846,65,25,0,True
1600,502,33,25,0,True
1344,449,22,26,1,True
1626,561,54,13,0,True
2165,689,36,48,0,True
1783,541,28,30,0,True
1372,409,27,14,0,True
1695,541,30,27,0,True
2342,759,31,35,0,True
2208,654,40,19,1,True
902,275,20,15,0,True
1455,452,41,17,0,True
1647,495,27,25,0,True
1226,398,25,23,0,True
1391,422,20,27,0,True
1685,507,41,16,0,True
2351,787,52,40,0,True
1056,330,23,15,0,True
1475,416,45,11,0,True
2788,952,57,51,0,True
3350,1078,64,65,0,True
2216,677,41,39,0,True
1669,530,27,30,0,True
1102,323,19,18,0,True
2310,725,48,39,0,True
1368,418,21,28,0,True
2666,662,36,25,0,True
1696,495,37,16,0,True
1191,345,32,11,0,True
2143,674,39,28,0,True
1757,562,39,25,1,True
1696,569,28,31,0,True
1450,502,44,19,0,True
2248,667,41,35,0,True
1262,359,20,16,0,True
2088,662,36,41,1,True
1731,572,53,28,0,True
2056,601,36,24,0,True
1282,412,37,22,0,True
2452,775,64,34,0,True
1524,466,34,18,0,True
630,206,34,0,0,True
2145,712,57,28,0,True
1292,428,28,22,0,True
2954,943,67,48,0,True
2620,814,52,34,0,True
1092,368,28,18,1,True
1027,344,31,12,0,True
1447,483,23,33,0,True
3189,1049,66,55,0,True
1395,485,27,24,3,True
2090,679,46,34,0,True
2386,714,47,29,0,True
1861,565,37,22,0,True
1410,431,42,13,0,True
2294,784,40,41,1,True
2893,904,70,34,0,True
2380,716,50,33,1,True
1603,490,38,13,0,True
345,122,7,1,0,True
3304,978,56,39,0,True
3608,1106,71,56,1,True
3876,1350,74,66,1,True
2373,693,41,31,0,True
1529,464,38,21,0,True
1453,448,20,29,0,True
1176,359,29,14,0,True
2233,670,45,37,0,True
1480,454,30,23,3,True
2834,900,44,44,0,True
989,322,19,18,0,True
951,331,43,0,0,True
2259,629,54,21,0,True
1464,488,28,26,0,True
2045,637,38,25,0,True
2468,836,55,43,0,True
2066,630,45,34,0,True
1817,577,40,28,0,True
2995,987,51,57,0,True
1570,483,34,21,0,True
2989,1036,54,65,0,True
2891,837,60,33,0,True
1694,513,37,21,0,True
1489,507,30,26,0,True
1328,402,37,19,0,True
1764,555,36,25,3,True
1121,359,28,16,0,True
1522,552,43,24,0,True
1588,471,28,14,0,True
2649,864,59,40,0,True
977,318,25,13,0,True
1251,408,41,12,0,True
1606,565,41,21,0,True
3057,927,56,23,0,True
2120,703,50,31,0,True
2269,668,49,20,0,True
2510,786,57,26,0,True
1308,406,38,17,0,True
2527,791,45,34,0,True
1570,520,34,20,0,True
2511,757,60,33,0,True
1927,654,39,38,0,True
1921,589,32,18,1,True
2492,848,91,23,0,True
3371,1106,82,35,1,True
1864,609,47,35,0,True
2692,985,62,51,0,True
4117,1240,96,57,0,True
2425,738,44,11,0,True
4078,1368,82,66,2,True
1780,534,33,28,0,True
1937,572,44,24,0,True
1118,326,20,16,0,True
2452,809,48,40,0,True
4095,1353,126,36,0,True
1124,348,22,19,0,True
3479,1152,119,41,0,True
1515,484,27,21,0,True
1700,540,39,14,0,True
1709,534,30,30,0,True
1993,617,53,22,0,True
1197,389,34,19,0,True
1443,455,38,25,0,True
1603,440,52,8,0,True
1898,649,47,34,0,True
1842,551,31,32,0,True
872,314,27,13,0,True
1281,377,34,15,0,True
1341,395,39,9,0,True
1854,610,44,25,0,True
2620,928,78,31,1,True
1978,616,33,41,0,True
2000,652,54,32,0,True
2162,768,70,27,0,True
2184,645,35,38,1,True
3002,922,38,38,1,True
2730,832,45,45,0,True
1718,480,42,13,0,True
2817,867,53,50,0,True
2448,736,51,33,1,True
2437,776,48,39,0,True
2046,679,50,21,0,True
1554,484,25,24,0,True
1114,385,24,11,0,True
1720,509,34,23,2,True
1732,533,32,29,0,True
1277,416,31,23,0,True
2113,683,43,36,0,True
2531,892,44,32,1,True
2624,836,39,43,1,True
2910,862,63,23,0,True
1350,475,27,21,0,True
1070,336,32,12,0,True
2498,795,49,48,0,True
1351,451,25,18,0,True
2399,685,50,25,0,True
2068,642,44,29,0,True
1902,527,50,12,0,True
1268,397,22,24,0,True
1159,382,25,21,0,True
1725,585,42,27,0,True
1126,356,18,14,1,True
1770,537,39,21,0,True
1862,557,32,31,1,True
2365,828,78,32,1,True
1119,331,32,14,0,True
2176,771,41,31,0,True
2135,693,41,33,0,True
1227,416,33,23,0,True
1225,382,32,15,0,True
2232,745,74,21,0,True
1973,616,42,29,0,True
3504,1160,69,55,0,True
3709,1186,59,68,0,True
2554,767,72,29,0,True
1861,579,42,34,0,True
2123,705,45,24,4,True
1431,477,34,24,0,True
2085,642,38,25,0,True
2253,727,71,36,0,True
2025,638,33,21,1,True
2182,652,66,17,0,True
2415,694,37,12,0,True
1286,407,23,26,0,True
1215,406,26,26,0,True
2532,811,45,39,0,True
4121,1248,60,61,0,True
4480,1464,46,57,0,True
2495,833,62,39,0,True
1540,500,41,30,0,True
2113,685,35,35,4,True
1918,629,28,33,1,True
889,264,15,14,0,True
3458,1175,73,41,1,True
1346,408,30,21,0,True
2129,678,55,20,0,True
1370,418,27,20,0,True
1385,431,44,15,0,True
1956,595,50,17,0,True
1794,563,39,21,0,True
2199,673,49,28,3,True
1832,563,38,17,0,True
1365,415,56,0,0,True
1838,569,35,23,1,True
1698,518,41,22,1,True
1965,636,43,19,0,True
2892,889,59,48,0,True
2771,947,71,31,0,True
1706,554,44,17,1,True
2701,839,57,47,0,True
2013,565,33,24,0,True
1608,481,23,34,0,True
2139,632,37,38,0,True
2234,712,54,19,0,True
1796,576,52,22,0,True
3141,991,63,44,0,True
1271,419,34,17,0,True
2075,622,39,31,0,True
1968,633,32,44,0,True
2529,830,96,21,5,True
1349,436,67,7,0,True
1287,397,24,13,0,True
2165,728,44,38,2,True
1948,607,35,37,0,True
1443,466,37,18,0,True
2665,871,80,44,0,True
1201,379,29,18,0,True
1799,565,33,28,0,True
1460,439,28,21,0,True
2242,736,29,38,1,True
1420,480,31,26,0,True
1218,382,27,15,0,True
1282,411,27,17,0,True
1480,441,32,19,0,True
1568,522,35,22,0,True
2080,635,33,35,0,True
2244,691,42,44,1,True
1461,463,32,29,0,True
1636,527,34,30,0,True
2000,618,25,28,1,True
2439,822,53,44,0,True
1300,407,25,17,1,True
1287,423,31,14,0,True
1404,467,34,28,0,True
2385,781,37,44,0,True
932,286,22,12,0,True
1071,326,25,8,0,True
1768,508,36,18,0,True
1039,319,20,11,0,True
1222,359,24,18,1,True
2790,848,51,32,1,True
2731,857,42,47,1,True
1658,533,31,21,0,True
2268,687,45,18,0,True
1451,447,39,20,0,True
2105,719,27,23,1,True
2556,853,73,34,0,True
2727,998,52,60,1,True
1425,480,30,17,0,True
1744,573,38,23,0,True
2008,672,44,25,1,True
1751,533,37,27,0,True
2117,664,55,31,0,True
1596,463,28,24,0,True
2230,683,38,31,0,True
1122,324,17,16,0,True
1298,393,32,21,0,True
1994,617,34,34,0,True
1213,395,21,22,0,True
1935,665,44,23,2,True
1436,464,35,24,0,True
1675,517,26,17,0,True
1842,604,39,35,0,True
2821,929,58,49,0,True
1664,496,32,17,0,True
1141,385,30,19,0,True
2465,765,49,39,0,True
853,266,14,14,0,True
2029,639,36,40,0,True
1553,458,42,14,0,True
2911,1018,59,52,0,True
1452,479,35,23,0,True
1879,674,61,19,0,True
2984,862,60,44,0,True
1504,499,43,20,0,True
1493,465,33,27,0,True
3060,1011,46,44,1,True
2051,625,46,34,0,True
1650,513,35,25,0,True
1765,525,30,29,0,True
1782,540,37,26,0,True
2120,666,30,37,0,True
1500,448,55,9,0,True
1446,453,38,12,0,True
1239,371,26,17,0,True
1754,573,42,33,0,True
2680,897,62,35,0,True
1761,563,54,24,0,True
2914,861,59,45,0,True
2713,817,50,40,0,True
2321,670,37,27,0,True
2418,746,89,23,0,True
1461,455,35,24,0,True
1396,468,33,20,0,True
1463,470,34,16,0,True
2970,951,48,34,0,True
1535,474,39,27,1,True
1405,512,27,14,1,True
2452,735,30,31,0,True
2786,950,56,38,0,True
1568,513,31,31,0,True
3374,1018,52,58,1,True
1720,558,28,35,0,True
1308,384,36,16,0,True
914,326,43,11,0,True
2491,772,53,25,1,True
2091,647,44,32,1,True
1061,341,29,13,0,True
1541,541,28,33,0,True
1779,593,35,33,0,True
1377,428,37,12,0,True
2213,691,42,18,0,True
1250,399,32,17,1,True
2510,833,46,27,1,True
1426,434,26,18,0,True
1583,534,17,32,0,True
2619,860,71,30,0,True
1825,578,34,19,0,True
1619,471,21,29,0,True
1391,410,29,16,0,True
2137,674,27,34,0,True
1088,341,21,13,0,True
3648,1198,66,62,0,True
5089,1960,91,34,1,True
1923,616,40,30,0,True
2594,816,46,33,0,True
2415,712,42,32,0,True
1609,530,31,29,0,True
1799,524,38,20,0,True
2351,678,37,32,0,True
1404,431,31,23,0,True
957,282,19,13,0,True
1464,432,32,23,0,True
1268,402,31,18,1,True
1248,371,18,18,0,True
1848,560,56,17,0,True
1621,507,33,23,0,True
2860,872,52,40,0,True
1719,555,41,27,0,True
1826,545,30,38,0,True
2124,645,71,17,0,True
1145,356,21,26,0,True
1857,679,40,23,1,True
2233,695,43,37,0,True
1991,591,34,39,0,True
836,265,20,15,0,True
1381,447,32,22,0,True
2160,939,29,24,1,True
2985,982,72,50,0,True
3151,1100,84,42,1,True
2992,882,88,17,0,True
2416,743,59,40,0,True
1039,313,19,22,0,True
2056,644,35,43,0,True
1369,423,35,17,0,True
3998,1226,135,43,0,True
1530,481,26,34,0,True
1788,517,44,18,0,True
2840,1162,40,29,1,True
1611,480,35,24,0,True
1402,417,40,11,0,True
1723,526,42,23,0,True
1311,391,20,23,0,True
1317,450,27,26,0,True
969,321,45,7,0,True
1456,452,29,22,0,True
1942,634,36,42,0,True
1190,356,29,14,1,True
1941,553,37,20,1,True
1135,383,27,18,0,True
989,305,23,10,0,True
1362,404,27,13,0,True
1630,517,46,19,0,True
1857,558,29,30,0,True
1973,631,45,33,0,True
1736,574,29,31,0,True
1320,388,29,9,0,True
2118,633,46,29,0,True
1181,389,23,23,0,True
2176,661,40,32,2,True
2032,663,52,35,1,True
3508,1060,64,58,0,True
851,243,15,15,0,True
3095,961,90,25,0,True
2388,795,34,43,0,True
1480,468,23,24,0,True
1759,525,22,35,0,True
2558,766,45,31,0,True
1749,592,34,30,1,True
1945,676,77,17,0,True
1627,527,42,27,0,True
2621,932,94,19,0,True
2496,896,50,51,0,True
1392,502,19,20,1,True
1597,478,33,23,0,True
2020,641,37,39,0,True
1488,481,47,15,0,True
2519,823,45,34,0,True
1652,530,30,25,0,True
3783,1167,76,55,0,True
1599,440,47,12,0,True
2292,725,48,39,0,True
2361,720,39,36,1,True
1659,557,33,17,1,True
1400,418,23,17,0,True
1517,462,29,20,0,True
753,287,12,13,0,True
1578,494,30,23,1,True
1913,571,40,27,0,True
1120,311,14,14,0,True
1857,567,41,29,1,True
1577,492,45,17,0,True
1942,570,23,41,1,True
1575,462,28,18,0,True
3559,1173,158,26,0,True
1864,627,38,23,1,True
1598,492,40,19,0,True
2072,759,42,33,1,True
1017,318,33,10,0,True
1361,409,27,16,0,True
1556,500,30,29,0,True
1052,336,35,15,0,True
1824,587,51,37,0,True
2024,644,36,28,0,True
2136,684,39,35,0,True
1706,547,35,31,0,True
1870,573,31,27,0,True
1600,514,36,29,0,True
1121,345,22,17,0,True
2787,857,43,57,0,True
1906,615,30,22,0,True
1833,548,28,24,0,True
976,302,28,12,0,True
3176,1011,49,36,0,True
2245,756,33,46,1,True
1397,447,46,14,0,True
2523,842,68,36,0,True
1282,369,41,7,0,True
1839,560,42,20,0,True
1637,505,32,32,0,True
1174,352,21,22,0,True
1596,462,33,16,0,True
1706,587,52,23,0,True
1616,467,18,25,1,True
1407,450,21,31,0,True
2515,802,45,46,0,True
1416,453,25,21,0,True
2310,692,52,29,0,True
1017,310,16,18,0,True
4879,1441,65,66,0,True
2976,868,49,45,0,True
1755,533,47,26,1,True
1583,535,44,25,0,True
1780,529,33,20,0,True
2738,879,47,50,2,True
915,296,16,22,0,True
2189,723,38,30,1,True
1463,484,52,19,0,True
1644,589,64,12,0,True
2066,675,55,25,1,True
1275,397,33,14,0,True
1413,438,31,22,0,True
2470,768,44,40,0,True
1932,594,34,29,0,True
1420,491,42,19,0,True
1736,579,52,14,0,True
1565,459,23,21,0,True
1511,480,38,19,0,True
2178,683,39,43,0,True
2304,769,72,24,0,True
1393,465,33,27,0,True
2322,715,67,20,0,True
2330,771,55,45,0,True
1040,298,24,10,0,True
2313,726,40,30,0,True
1817,574,24,24,0,True
2942,891,41,54,5,True
1735,528,37,29,0,True
3853,1134,61,53,0,True
1457,474,30,29,0,True
2026,649,41,26,0,True
1937,641,40,27,1,True
1442,478,34,21,1,True
1277,435,34,16,0,True
833,276,21,15,0,True
2070,627,60,19,0,True
3905,1194,102,48,2,True
2572,1026,46,26,5,True
1866,618,29,25,2,True
933,267,22,9,0,True
1549,489,24,36,0,True
1606,470,34,19,0,True
2097,607,38,30,0,True
973,306,19,12,1,True
1958,555,47,17,0,True
1549,481,30,22,0,True
3781,1226,54,60,1,True
1729,548,46,32,0,True
3030,962,54,26,1,True
2692,817,46,47,0,True
1280,356,19,16,0,True
2083,829,115,30,0,True
2668,864,59,41,0,True
2291,716,39,41,0,True
1754,557,30,31,0,True
2016,621,35,36,0,True
2129,719,33,47,0,True
1702,498,32,28,0,True
1707,490,27,26,0,True
1683,513,53,16,0,True
1693,511,33,22,0,True
3204,1088,66,53,0,True
1441,433,34,18,0,True
3667,1095,55,52,0,True
1690,548,39,22,0,True
1547,470,24,33,0,True
842,258,21,15,0,True
1102,378,20,23,0,True
3644,1104,87,42,0,True
1318,418,26,29,0,True
1720,518,35,21,0,True
1157,351,27,17,0,True
1791,549,58,14,0,True
1316,431,31,23,1,True
2252,682,37,39,1,True
848,255,21,14,0,True
2413,802,55,35,0,True
1461,477,35,25,0,True
2729,886,52,49,1,True
2342,713,45,37,0,True
2075,621,43,30,0,True
1525,523,26,28,0,True
1844,601,31,33,0,True
1279,382,28,20,0,True
1357,470,27,25,0,True
1899,548,36,25,0,True
3184,1015,87,27,0,True
1998,592,35,24,0,True
1542,503,21,31,0,True
3121,900,63,39,0,True
1479,426,31,19,0,True
2532,849,48,51,0,True
2207,707,39,42,0,True
2426,788,77,25,0,True
1464,497,33,23,0,True
1173,360,24,18,0,True
1384,459,34,23,0,True
3197,986,36,42,0,True
868,255,19,13,0,True
1706,575,42,26,0,True
2412,778,58,39,0,True
1951,629,32,33,0,True
920,290,18,19,0,True
2211,723,48,27,0,True
2761,857,52,39,1,True
1796,573,32,29,0,True
3044,956,88,27,3,True
1707,584,43,27,0,True
1356,424,35,18,0,True
2208,736,44,46,0,True
2478,876,72,39,0,True
5077,1932,85,67,2,True
2417,789,37,50,1,True
1648,485,32,15,0,True
1758,578,42,28,0,True
1973,606,42,27,1,True
1691,525,32,20,0,True
1755,516,29,32,1,True
3203,1037,75,51,0,True
1554,466,46,13,0,True
1270,373,33,9,0,True
1288,365,35,13,0,True
3318,977,89,29,0,True
1806,574,31,31,0,True
1664,535,25,27,0,True
2962,898,72,40,0,True
2402,709,40,24,0,True
1904,670,29,24,1,True
2453,807,40,19,1,True
1912,598,59,21,0,True
3351,991,64,50,0,True
1819,542,31,35,1,True
1988,598,39,18,0,True
1742,568,51,26,0,True
1974,637,51,27,0,True
1564,480,24,33,1,True
2149,618,48,26,0,True
2056,590,43,26,1,True
1478,465,30,15,0,True
1667,505,29,28,0,True
1047,332,20,15,1,True
1423,458,30,26,0,True
1260,423,31,19,0,True
2279,719,39,54,0,True
2432,867,53,41,0,True
3037,1037,67,37,1,True
1393,453,45,13,0,True
2117,772,42,34,1,True
1985,619,46,27,0,True
3115,927,102,36,0,True
2024,625,42,27,0,True
1151,348,29,15,0,True
2346,785,32,59,0,True
1646,526,25,18,2,True
1742,551,30,30,0,True
3022,937,79,38,0,True
1590,551,59,15,0,True
1416,448,25,27,0,True
2668,836,63,39,0,True
1641,521,39,25,0,True
1001,337,19,21,0,True
1547,477,21,28,0,True
1187,354,25,19,0,True
1389,448,41,23,0,True
1586,508,28,28,1,True
1959,619,27,35,0,True
1546,478,32,22,0,True
1083,326,28,14,0,True
2177,705,55,29,0,True
3297,1010,40,44,0,True
3967,1329,152,33,0,True
981,320,22,18,0,True
1945,642,34,35,3,True
938,286,18,14,0,True
1261,380,26,18,0,True
959,303,30,11,0,True
1758,525,31,25,0,True
2153,706,53,26,0,True
1605,486,50,9,0,True
2479,927,24,31,1,True
989,296,22,16,0,True
1214,422,28,16,0,True
2994,955,61,55,1,True
1904,601,55,19,0,True
1068,392,25,23,0,True
1933,611,40,35,0,True
2690,855,37,45,3,True
1305,465,38,15,0,True
2072,713,36,24,0,True
1498,474,22,22,0,True
2303,804,45,39,1,True
1981,659,41,38,0,True
2684,828,50,39,0,True
1570,508,54,25,0,True
1045,346,43,9,0,True
4415,1515,69,61,2,True
1342,468,31,12,1,True
2553,1001,55,27,1,True
1420,478,33,15,1,True
735,241,37,0,0,True
2132,688,40,43,0,True
1740,565,41,25,0,True
1698,591,52,12,0,True
1768,567,54,14,0,True
1272,442,34,22,0,True
2373,957,40,27,1,True
1483,473,25,25,0,True
1193,380,29,15,0,True
2437,809,55,42,0,True
1272,401,25,23,0,True
2632,934,44,42,2,True
1729,555,57,23,0,True
2236,701,55,27,0,True
2928,976,40,42,3,True
3534,1094,111,29,0,True
1226,407,35,19,0,True
1663,503,39,17,1,True
1805,594,40,36,0,True
1593,540,29,39,0,True
3202,949,29,57,0,True
2647,862,56,28,0,True
2192,659,46,29,0,True
1360,456,21,25,0,True
2802,827,57,20,3,True
1791,548,27,32,1,True
2439,749,46,29,0,True
2787,898,58,28,0,True
1870,598,44,29,0,True
1608,464,35,22,0,True
2034,665,31,34,0,True
969,321,25,14,0,True
1983,623,51,30,0,True
2164,647,48,24,0,True
1937,627,34,28,1,True
1890,619,39,36,0,True
2094,630,42,33,0,True
2096,644,59,25,0,True
2391,697,38,34,0,True
1484,444,25,23,0,True
1392,413,34,19,0,True
2189,691,32,45,1,True
1838,526,46,15,0,True
1800,551,38,19,0,True
1892,610,62,21,0,True
1688,565,22,32,1,True
2226,708,45,31,0,True
987,309,32,0,0,True
1364,429,32,21,0,True
1637,541,27,21,1,True
3165,1016,69,42,0,True
1331,419,19,18,0,True
2369,762,57,34,0,True
1145,355,30,17,0,True
1860,536,32,28,0,True
1816,599,33,31,0,True
3835,1223,69,57,0,True
1801,589,33,41,0,True
1320,396,22,17,0,True
1220,382,36,14,0,True
2868,1188,42,24,1,True
1914,606,47,22,0,True
2588,825,43,53,0,True
2756,985,98,21,0,True
2507,763,42,49,0,True
1955,673,62,19,0,True
2262,707,40,39,0,True
2967,949,54,38,0,True
2106,691,72,23,0,True
1811,577,30,29,1,True
5332,1605,79,60,0,True
2034,572,48,18,0,True
2556,795,32,39,1,True
1764,572,45,31,0,True
1251,386,31,12,0,True
2887,1062,80,44,2,True
2177,670,45,32,0,True
1638,523,43,26,0,True
871,258,22,9,0,True
1704,535,63,17,0,True
1529,456,38,15,0,True
2181,628,56,26,0,True
1573,489,31,21,1,True
1497,441,39,20,0,True
2256,756,49,45,0,True
2988,958,80,31,0,True
1928,662,50,35,0,True
2040,607,41,38,0,True
2325,721,56,34,0,True
2114,696,45,30,0,True
1995,642,27,40,1,True
2309,774,32,41,0,True
942,300,16,19,0,True
1428,476,35,19,0,True
1983,624,46,37,0,True
2440,814,52,31,0,True
1088,344,19,19,0,True
1252,370,31,15,0,True
1418,437,31,10,0,True
1880,588,40,25,3,True
1848,566,34,35,0,True
2645,843,46,54,0,True
2152,664,46,28,0,True
2169,670,42,39,0,True
1306,358,45,0,0,True
2906,907,71,38,0,True
1642,504,37,17,0,True
2287,743,49,39,0,True
1156,357,22,13,0,True
2328,713,54,32,0,True
1442,439,25,16,0,True
1671,581,48,20,0,True
1503,437,27,19,0,True
2179,677,52,28,0,True
1317,411,34,13,0,True
1336,428,49,15,0,True
2018,676,39,28,0,True
1329,430,59,0,0,True
1967,614,35,32,1,True
508,164,19,4,0,True
1564,524,58,15,0,True
1694,551,52,15,0,True
2411,675,38,16,0,True
2206,716,42,29,0,True
1371,442,39,11,0,True
1310,402,24,21,0,True
2304,687,38,38,1,True
2597,878,33,49,3,True
1571,498,41,23,0,True
1335,393,27,19,0,True
2404,803,73,29,0,True
1560,554,49,27,0,True
1921,598,29,42,1,True
1105,360,22,25,0,True
1691,539,28,29,1,True
2626,952,57,45,0,True
2326,673,64,17,0,True
1187,358,33,18,0,True
1752,532,35,30,0,True
2228,695,23,36,0,True
1638,573,33,18,1,True
2072,662,37,33,0,True
1755,586,33,20,0,True
1511,465,39,23,0,True
1449,475,41,14,0,True
2703,960,40,54,1,True
1801,578,45,29,0,True
1635,497,42,20,0,True
2549,793,47,39,0,True
1437,417,23,22,0,True
1534,505,33,29,0,True
2123,704,50,27,0,True
1293,391,29,19,0,True
1674,540,30,35,0,True
1971,697,36,14,3,True
3457,1042,58,42,0,True
1289,386,23,26,0,True
1090,346,22,16,0,True
1920,635,39,35,1,True
938,284,26,12,1,True
1482,516,54,23,0,True
1551,488,46,17,0,True
2247,680,46,32,0,True
1009,298,23,19,0,True
2244,718,64,27,0,True
795,247,23,11,0,True
1637,507,39,21,0,True
1038,332,32,9,0,True
2230,826,60,27,1,True
1139,336,34,12,0,True
1681,508,26,28,0,True
1768,650,24,36,1,True
828,253,19,12,0,True
3125,1018,84,44,0,True
2394,754,34,50,0,True
2931,896,52,44,0,True
2112,632,50,24,0,True
1528,477,36,20,3,True
1389,448,30,23,0,True
2184,738,42,39,1,True
1863,585,52,28,0,True
1955,659,41,40,0,True
2022,602,52,18,3,True
682,208,28,0,0,True
3113,946,59,33,0,True
2086,619,35,34,0,True
2384,681,35,34,0,True
1099,367,27,20,0,True
1561,526,47,18,0,True
1526,479,37,18,0,True
1276,412,35,16,0,True
1039,331,25,11,0,True
2109,675,47,41,0,True
2277,689,43,36,0,True
1937,623,50,25,0,True
2179,665,44,41,0,True
2240,766,38,51,0,True
1833,569,36,23,1,True
2784,911,38,60,0,True
1740,499,31,25,0,True
1260,422,21,18,0,True
2205,727,37,37,0,True
1632,486,35,28,0,True
1903,659,47,27,0,True
1874,586,45,28,0,True
1415,428,21,27,0,True
1334,421,26,25,0,True
2160,682,42,32,1,True
2442,825,43,47,0,True
2277,685,45,24,0,True
3321,1085,62,52,1,True
1651,498,39,20,0,True
3638,1109,74,49,0,True
1143,341,32,13,0,True
1311,402,27,21,0,True
896,271,27,8,0,True
2018,673,44,26,0,True
1190,366,43,11,0,True
1873,567,39,29,0,True
3194,1013,57,56,0,True
3536,1047,87,42,0,True
2572,831,43,45,0,True
2163,656,37,45,0,True
2263,761,55,34,0,True
1507,466,30,26,0,True
1365,452,31,27,1,True
1353,429,22,26,0,True
1913,640,36,36,0,True
2269,731,47,38,1,True
1500,546,48,18,1,True
2542,850,51,52,0,True
1087,334,29,14,0,True
1464,466,42,22,0,True
1286,427,28,13,0,True
2175,687,45,23,0,True
3105,934,54,59,0,True
1196,334,25,13,0,True
1475,454,31,32,0,True
1531,472,29,26,0,True
1809,568,35,30,0,True
2662,877,44,43,0,True
1367,420,30,20,1,True
2507,810,57,39,0,True
1341,416,28,20,0,True
1113,348,24,17,0,True
1189,386,35,10,0,True
1953,658,59,21,0,True
1847,598,34,41,0,True
1837,588,44,29,0,True
2994,916,44,55,1,True
1615,457,39,17,0,True
1559,512,32,27,0,True
1954,583,35,24,0,True
2257,678,62,21,0,True
1526,507,45,23,0,True
1290,396,27,25,0,True
1350,444,33,21,0,True
1106,317,16,21,0,True
2306,653,49,28,0,True
1655,534,33,22,0,True
1512,446,27,20,0,True
3177,1214,54,38,4,True
1203,349,20,16,1,True
2027,652,38,33,0,True
2115,632,34,30,0,True
1595,479,33,21,0,True
1078,363,24,16,0,True
3030,932,45,38,0,True
2181,707,49,20,1,True
3146,1061,107,18,0,True
1254,415,27,19,0,True
1751,598,40,27,0,True
1327,437,27,21,0,True
1651,544,39,25,1,True
1344,408,30,17,0,True
2669,837,52,32,0,True
1264,417,41,15,0,True
1911,591,51,31,0,True
1774,536,23,24,0,True
1610,513,34,30,0,True
2538,807,55,40,0,True
1948,635,27,43,0,True
1280,370,24,21,0,True
2061,618,43,25,0,True
1840,590,44,29,0,True
1392,469,39,17,1,True
2001,680,43,36,0,True
2648,746,34,37,0,True
1777,596,42,37,0,True
1155,388,25,18,0,True
1538,490,32,19,0,True
1317,444,29,20,1,True
2050,656,52,24,0,True
2748,929,44,48,1,True
2376,776,56,41,3,True
1308,409,26,26,0,True
1901,587,34,34,0,True
2824,892,84,37,0,True
2173,915,41,17,1,True
1137,366,25,12,0,True
979,311,14,22,0,True
2615,883,90,34,0,True
1668,581,52,27,0,True
948,312,22,14,0,True
1791,527,28,32,0,True
1282,394,37,15,3,True
2042,633,41,33,0,True
1035,366,37,11,0,True
1349,425,24,23,0,True
2149,676,55,25,0,True
1471,467,19,33,0,True
1786,617,44,37,0,True
1619,522,17,18,0,True
1730,607,31,41,0,True
1483,461,36,18,1,True
1091,383,24,22,0,True
1481,480,35,28,0,True
1553,489,35,25,0,True
1201,368,28,15,0,True
1860,585,35,32,0,True
1401,431,23,26,0,True
2360,700,61,20,1,True
1809,585,33,33,0,True
2657,797,57,31,0,True
2636,776,42,31,0,True
2219,702,74,25,0,True
1900,626,39,31,0,True
2892,938,36,43,0,True
1154,363,24,17,0,True
2569,800,38,38,0,True
1241,365,32,11,0,True
1001,328,28,12,0,True
2018,669,32,37,0,True
1945,654,58,25,0,True
1220,380,36,13,1,True
2574,883,82,31,0,True
2859,881,38,61,0,True
3097,908,72,28,1,True
3433,1183,49,47,1,True
1904,630,27,47,1,True
2850,1198,54,33,1,True
2453,765,53,25,0,True
2284,696,34,37,0,True
1528,517,39,14,0,True
1420,468,23,17,1,True
1464,436,29,29,0,True
3020,1017,77,49,1,True
2521,803,68,25,0,True
1550,506,41,19,0,True
1230,345,23,17,0,True
1441,423,32,17,0,True
3041,787,55,17,0,True
1796,570,34,24,0,True
1268,457,25,20,0,True
1259,407,27,25,0,True
1802,578,33,25,1,True
1557,434,35,15,0,True
2264,773,37,36,1,True
2008,673,43,29,0,True
1492,492,33,24,0,True
1087,325,20,14,0,True
1526,500,48,20,0,True
1570,446,33,17,0,True
2196,701,31,40,1,True
1530,471,21,27,0,True
1537,473,26,17,2,True
1906,759,32,24,1,True
2254,709,75,16,0,True
3506,1290,69,40,0,True
2855,918,74,52,0,True
2622,893,68,43,0,True
1900,585,27,34,1,True
1409,479,11,39,0,True
2129,729,47,35,0,True
2538,713,38,30,1,True
1890,568,39,27,0,True
1103,356,34,11,0,True
1636,524,29,27,0,True
1971,602,42,23,1,True
3158,1010,61,63,0,True
1473,430,28,12,0,True
1909,628,68,25,0,True
3027,989,60,49,0,True
2566,819,51,32,0,True
1352,441,33,20,0,True
1783,642,43,31,0,True
1842,607,62,17,0,True
1168,366,29,15,0,True
2169,683,40,43,0,True
2574,844,46,48,0,True
1498,473,40,18,0,True
1436,424,30,24,0,True
2970,886,53,32,1,True
1580,498,37,22,1,True
1405,413,23,22,0,True
1559,501,29,30,0,True
2172,705,41,38,0,True
1075,323,25,17,0,True
2744,860,67,38,0,True
987,308,21,10,0,True
1914,566,39,25,0,True
1423,433,32,21,0,True
909,310,20,10,0,True
1397,435,27,15,1,True
2804,973,41,53,1,True
1702,503,35,24,0,True
1819,545,38,23,0,True
1156,335,25,15,0,True
1561,478,32,25,0,True
2546,777,57,41,0,True
1968,581,33,29,0,True
3935,1205,88,27,0,True
1798,560,52,25,0,True
1899,605,61,24,0,True
3661,1230,55,60,1,True
1311,425,33,23,0,True
3153,863,69,16,0,True
1506,493,40,20,0,True
1616,525,39,25,0,True
3412,1164,98,45,0,True
2255,741,46,40,0,True
1778,563,30,30,0,True
2733,960,94,31,0,True
2991,932,65,50,0,True
3067,969,51,44,0,True
2221,729,45,38,0,True
1910,561,38,25,0,True
1463,450,43,24,0,True
1622,481,30,22,0,True
1484,479,48,12,0,True
1717,601,29,25,0,True
1849,592,30,22,0,True
1876,614,34,41,0,True
1551,513,56,24,0,True
986,354,16,16,0,True
2323,749,41,28,0,True
1730,524,33,30,0,True
1932,607,53,23,0,True
2410,658,59,23,0,True
1672,483,23,20,0,True
2580,787,44,44,0,True
2290,709,42,28,0,True
1394,416,35,15,0,True
2912,856,65,31,0,True
1446,450,33,23,0,True
1877,590,31,33,0,True
1715,499,41,22,0,True
2746,807,37,36,0,True
1838,591,33,37,0,True
1619,455,28,30,0,True
2406,766,41,36,0,True
2869,883,34,37,1,True
1073,337,30,10,0,True
1225,407,25,22,0,True
2407,800,51,36,0,True
1634,552,32,29,0,True
2179,645,37,41,1,True
3038,938,72,20,1,True
1991,636,62,20,0,True
2854,898,56,55,0,True
1778,539,43,21,0,True
933,290,26,12,0,True
1943,689,33,42,0,True
1392,413,34,18,0,True
2253,711,43,30,0,True
2244,836,100,28,0,True
1717,498,34,25,0,True
2457,755,48,33,0,True
2589,845,42,37,1,True
955,323,31,13,0,True
1911,570,41,21,0,True
2495,776,52,33,0,True
1491,468,39,22,0,True
1259,374,29,16,0,True
2397,745,42,46,0,True
1986,625,32,8,3,True
1618,509,20,28,0,True
1443,402,22,17,0,True
976,303,23,16,0,True
1529,532,36,24,0,True
1292,428,30,19,0,True
1587,544,38,21,0,True
1535,476,35,12,0,True
1890,553,36,23,0,True
1866,612,48,31,0,True
2436,835,34,44,1,True
1865,613,37,39,0,True
1520,451,28,25,0,True
995,340,45,0,0,True
1895,603,47,34,0,True
2303,756,46,40,0,True
1826,596,35,30,1,True
2853,967,54,46,0,True
1632,480,40,13,0,True
1312,412,33,15,0,True
1370,410,26,24,0,True
2070,643,66,18,0,True
1962,622,31,35,0,True
2518,823,54,33,1,True
2767,932,111,25,0,True
1402,422,33,18,0,True
2261,652,33,42,0,True
2606,906,56,44,0,True
2938,981,60,56,0,True
1695,553,50,21,0,True
925,314,26,14,3,True
2015,680,45,35,0,True
2190,701,41,36,1,True
1600,478,49,15,0,True
1476,478,32,28,0,True
2019,685,50,34,0,True
2148,797,40,30,1,True
1260,392,33,25,0,True
1205,386,29,16,0,True
2078,647,42,37,0,True
2413,755,48,42,1,True
2168,680,45,31,0,True
1120,368,20,14,0,True
2253,843,82,20,0,True
2326,756,37,34,2,True
1209,336,29,10,0,True
2575,787,62,49,0,True
2696,856,69,29,1,True
3017,957,52,64,0,True
2089,617,51,30,0,True
1339,413,29,22,0,True
2054,722,38,41,0,True
988,302,36,8,0,True
1837,602,49,34,0,True
2015,670,35,16,1,True
1582,497,47,20,0,True
2385,766,49,45,0,True
2939,1174,50,34,1,True
1975,639,50,29,1,True
3067,919,62,44,0,True
1260,392,39,12,0,True
1057,327,21,18,0,True
1052,334,22,12,0,True
2189,705,42,37,0,True
1871,658,69,20,0,True
2392,836,63,36,0,True
1498,474,34,23,0,True
1195,401,31,19,0,True
3312,1063,100,50,0,True
1312,455,27,25,0,True
2247,721,56,36,0,True
2141,672,28,34,0,True
2250,713,63,16,0,True
3063,1081,64,51,0,True
1076,304,31,6,0,True
2289,772,61,35,0,True
2203,693,37,37,0,True
1827,579,47,21,0,True
1717,547,30,30,0,True
2574,773,45,33,0,True
1741,614,46,35,0,True
2395,756,38,50,0,True
3371,971,83,37,0,True
2440,735,41,36,0,True
1609,527,29,29,0,True
2728,869,63,27,0,True
1339,434,29,15,1,True
1568,503,40,14,1,True
3603,1063,70,42,0,True
2983,906,54,47,0,True
1425,512,44,15,1,True
1436,474,39,25,0,True
2111,653,37,35,0,True
1369,407,28,21,0,True
1457,440,26,20,2,True
2435,760,41,40,0,True
1019,290,24,14,0,True
1720,508,41,20,0,True
1843,601,51,32,0,True
2147,666,39,40,0,True
1836,555,30,31,0,True
1933,589,44,28,1,True
1156,372,44,15,0,True
2213,723,65,26,0,True
861,287,26,9,0,True
2848,1015,78,40,0,True
1415,432,33,18,1,True
1532,484,31,23,0,True
2244,726,38,51,0,True
1431,466,29,24,0,True
1636,503,29,32,0,True
1783,560,44,17,0,True
2167,687,47,38,0,True
1575,466,28,24,0,True
1815,545,34,31,0,True
1681,536,42,22,0,True
1112,360,31,15,0,True
1864,583,33,17,3,True
1311,401,24,20,0,True
2599,872,46,36,1,True
2614,777,35,44,0,True
1787,557,29,30,0,True
2461,839,51,47,0,True
1071,315,17,16,1,True
1399,384,25,19,0,True
1452,472,51,14,0,True
1235,416,23,25,0,True
1875,582,33,31,0,True
1924,631,39,30,0,True
2112,631,49,26,0,True
1611,502,31,29,0,True
1659,557,43,31,0,True
2745,825,70,31,0,True
1902,656,48,30,0,True
2546,802,59,35,0,True
2321,715,63,36,0,True
3385,1134,74,32,2,True
1469,474,27,28,0,True
2986,956,47,61,0,True
1998,598,41,28,0,True
2460,768,63,34,1,True
1061,338,31,15,0,True
1310,422,32,17,0,True
2025,656,42,35,0,True
1072,381,22,23,0,True
1892,578,47,22,1,True
3267,1050,57,23,1,True
1707,526,37,16,1,True
1961,636,33,30,1,True
2458,779,54,33,0,True
1781,629,36,19,1,True
1655,560,39,25,0,True
1578,508,32,26,0,True
1591,520,22,36,0,True
3533,1331,44,38,1,True
1177,368,31,12,0,True
1451,505,32,25,0,True
1377,432,28,21,0,True
1728,602,46,24,0,True
1355,467,38,21,0,True
2346,756,31,50,0,True
1605,512,24,30,0,True
1707,530,39,18,0,True
1346,435,30,21,1,True
2097,834,25,31,1,True
1149,337,29,13,0,True
1493,459,38,21,0,True
2373,738,50,37,0,True
2242,695,47,33,0,True
1259,401,41,16,0,True
1896,582,30,37,0,True
2076,630,41,37,0,True
3289,1125,61,56,0,True
1924,652,41,31,0,True
1109,319,22,17,0,True
1233,395,23,25,0,True
1866,569,33,34,0,True
2046,738,47,42,0,True
1924,570,38,28,0,True
1425,448,28,17,0,True
1798,632,42,27,1,True
1470,488,39,27,0,True
2339,701,40,26,2,True
3637,1175,58,36,0,True
1839,562,51,24,0,True
1864,559,44,17,0,True
1954,641,26,29,0,True
1337,415,24,19,0,True
3024,1058,70,33,1,True
2719,969,72,35,0,True
1900,592,27,36,1,True
1282,414,41,16,0,True
1612,543,24,32,2,True
1555,426,23,14,0,True
2934,926,107,27,0,True
1114,326,29,12,0,True
1986,629,34,26,0,True
3621,1124,68,37,0,True
1907,629,27,38,0,True
1229,358,41,0,0,True
2078,642,40,36,0,True
2848,910,55,40,3,True
2000,646,19,54,0,True
1348,423,18,15,0,True
2457,800,29,46,1,True
1987,596,44,31,0,True
2019,583,41,23,0,True
3540,1144,55,57,0,True
1739,563,42,24,1,True
1448,464,27,27,0,True
2137,653,31,34,0,True
1553,506,29,32,0,True
1848,599,40,19,0,True
1858,649,65,17,0,True
1531,495,35,21,0,True
1624,519,35,25,0,True
1116,348,21,21,0,True
1959,675,29,38,0,True
2950,929,62,48,0,True
2314,743,44,40,0,True
3028,890,88,35,0,True
1597,504,53,15,0,True
2020,665,40,28,0,True
1860,561,37,33,0,True
1672,531,27,29,1,True
2071,713,17,49,0,True
2180,727,51,22,0,True
1108,330,27,11,0,True
2335,737,54,30,0,True
821,255,14,11,0,True
1445,457,34,21,0,True
1662,577,42,19,0,True
1450,464,27,27,0,True
1444,477,40,27,0,True
1981,622,50,31,1,True
2014,642,44,28,0,True
1543,449,33,21,0,True
2863,877,57,43,0,True
2257,702,41,39,0,True
2556,775,49,38,0,True
2902,997,66,55,0,True
1749,520,33,32,0,True
1162,367,45,10,0,True
3330,1080,56,60,0,True
1433,456,25,28,0,True
1142,383,34,14,0,True
1054,321,15,19,0,True
1282,371,31,14,0,True
1200,383,31,15,0,True
1706,517,40,22,0,True
1555,498,34,27,0,True
1838,607,34,35,0,True
2253,663,49,25,1,True
933,298,24,15,0,True
1473,468,33,27,0,True
2311,870,90,15,1,True
1265,400,23,29,0,True
2227,726,46,36,0,True
2561,738,62,42,0,True
858,260,20,10,0,True
3959,1265,73,55,0,True
1033,340,26,16,0,True
2447,756,66,22,0,True
1366,440,27,20,0,True
1039,363,23,14,0,True
1561,465,36,20,0,True
1555,548,58,15,0,True
2513,751,43,34,0,True
2456,742,59,18,0,True
1950,607,49,23,0,True
1018,389,48,11,0,True
2125,663,42,30,1,True
1220,373,40,10,0,True
1301,416,40,16,0,True
1882,600,54,31,0,True
1413,535,47,17,0,True
1285,378,22,17,1,True
1381,429,29,22,0,True
2704,807,55,36,0,True
1757,534,32,29,0,True
2043,597,40,24,0,True
2539,786,46,52,0,True
1771,601,28,37,0,True
1420,437,42,13,0,True
1704,530,30,26,0,True
1734,536,32,33,0,True
2655,728,43,35,0,True
1272,441,24,26,0,True
2927,967,68,58,1,True
1206,369,30,13,0,True
1429,424,32,19,0,True
2534,844,47,30,1,True
2010,619,63,24,0,True
2384,620,25,15,0,True
1612,477,28,24,1,True
1128,345,32,14,0,True
1204,399,31,18,0,True
1711,533,43,25,0,True
1216,400,33,17,0,True
1364,436,24,24,0,True
1485,480,31,13,0,True
1697,531,26,15,0,True
1762,610,36,28,0,True
2084,619,39,33,0,True
2312,731,30,46,1,True
3394,1034,63,61,0,True
1111,337,17,20,0,True
1688,551,41,22,0,True
1884,569,35,31,0,True
964,323,21,16,0,True
1655,585,38,14,1,True
1831,593,29,32,0,True
3461,1001,72,49,0,True
2674,900,46,51,0,True
1550,500,38,14,0,True
1623,641,18,24,1,True
1522,488,32,26,0,True
2536,773,39,40,1,True
1200,381,24,23,0,True
1893,567,41,39,0,True
1538,483,34,21,0,True
1354,418,36,19,0,True
3597,1100,46,34,0,True
1010,309,22,10,0,True
1980,760,33,24,1,True
2353,792,45,23,1,True
1944,605,33,40,0,True
1916,634,29,32,0,True
1448,439,29,21,0,True
1705,555,30,30,1,True
2684,813,29,28,0,True
2626,846,65,38,0,True
1557,510,38,22,0,True
989,307,22,17,0,True
2344,710,47,25,0,True
1121,317,27,13,0,True
1235,464,25,21,0,True
4135,1192,86,45,0,True
1618,547,36,20,0,True
2547,788,44,38,0,True
1536,496,37,27,0,True
1690,521,38,24,0,True
1526,488,31,29,0,True
3156,1058,101,36,0,True
1620,535,32,23,1,True
1818,527,41,14,0,True
2314,757,53,39,0,True
1731,533,45,21,0,True
2992,957,78,35,0,True
1355,427,33,14,0,True
2037,659,42,22,0,True
3387,1054,59,58,0,True
2187,694,38,32,0,True
2158,666,65,26,0,True
2746,798,59,31,0,True
1506,470,31,22,0,True
2041,693,53,23,0,True
834,256,18,13,0,True
2336,787,33,42,0,True
2262,693,45,28,0,True
2850,972,56,47,1,True
1728,556,39,33,0,True
1402,446,17,37,0,True
2309,732,49,30,1,True
4288,1337,101,50,0,True
1313,429,21,30,0,True
2238,635,47,17,0,True
1115,341,36,4,0,True
1317,402,21,20,0,True
1886,577,73,19,0,True
2061,676,39,49,0,True
2145,674,32,51,0,True
1814,615,30,34,0,True
1302,418,25,27,0,True
2779,967,39,42,1,True
1230,397,30,17,0,True
2546,829,64,38,0,True
1731,540,38,25,0,True
2249,754,70,23,0,True
2038,715,44,44,0,True
2374,802,57,47,0,True
2465,819,33,43,1,True
2388,688,51,22,0,True
1746,520,35,22,0,True
1611,510,40,24,0,True
2462,738,49,29,0,True
1767,559,39,24,0,True
1250,400,18,18,1,True
948,314,36,8,0,True
1358,453,25,25,0,True
1276,438,20,28,0,True
1826,558,41,18,0,True
1890,607,31,35,0,True
1191,394,23,21,0,True
2505,839,55,52,0,True
5046,1790,82,78,1,True
2219,701,49,26,0,True
2633,806,51,53,1,True
1903,620,49,28,0,True
1785,548,38,24,0,True
2033,683,50,26,0,True
1766,621,55,23,0,True
1576,529,48,15,0,True
1384,403,24,23,0,True
2549,794,33,56,0,True
1327,437,28,15,0,True
1173,357,23,23,0,True
1691,553,40,34,0,True
2749,836,73,30,0,True
1164,375,24,15,0,True
1816,523,44,24,0,True
2493,733,53,26,0,True
1119,348,30,12,0,True
2333,714,64,28,0,True
2711,862,67,28,0,True
1786,525,39,23,0,True
1419,459,33,16,0,True
2238,750,63,38,1,True
2106,664,35,34,0,True
1224,417,28,17,0,True
1744,583,53,30,0,True
1638,546,31,29,0,True
1311,409,31,22,0,True
3053,1136,143,25,0,True
898,287,27,10,0,True
1591,517,39,20,0,True
2297,816,45,35,1,True
2306,694,53,22,0,True
2254,739,44,49,0,True
2761,827,46,35,0,True
1580,465,33,23,0,True
897,316,37,8,0,True
1552,496,38,21,0,True
1635,504,34,29,0,True
2059,644,64,20,0,True
1269,370,34,13,0,True
3311,1009,62,28,1,True
1640,522,41,21,0,True
2081,664,48,31,0,True
1362,417,28,19,0,True
3058,954,70,29,0,True
1063,337,22,12,0,True
1149,358,21,16,0,True
1443,431,27,27,0,True
1366,409,19,25,0,True
2138,649,52,25,0,True
1064,339,22,18,0,True
3530,1225,42,57,0,True
2602,987,42,36,1,True
1629,498,36,24,0,True
1306,425,27,24,0,True
2590,765,46,42,0,True
1876,597,44,26,0,True
3327,1078,92,29,1,True
2007,670,34,39,0,True
3021,927,62,29,0,True
3009,945,75,43,0,True
1799,597,59,29,0,True
1350,426,41,11,0,True
1690,549,44,20,0,True
1476,435,17,30,0,True
2320,666,51,20,0,True
1499,454,24,25,0,True
1210,349,18,12,0,True
1083,337,15,20,0,True
1671,530,30,27,0,True
1952,603,41,28,0,True
1452,434,34,20,0,True
4405,1501,65,39,1,True
1659,528,48,20,0,True
1599,517,35,21,0,True
1828,564,36,25,0,True
2308,721,38,46,0,True
1546,506,49,20,0,True
2269,716,45,42,0,True
1279,364,32,12,0,True
1292,429,30,17,0,True
1603,491,29,25,0,True
1483,469,38,23,0,True
1640,537,34,24,2,True
1699,565,45,16,1,True
2504,823,52,43,0,True
2636,1040,30,36,1,True
981,305,16,17,0,True
2044,670,32,39,0,True
2372,715,45,34,0,True
1930,645,35,36,0,True
1547,550,25,15,1,True
1261,394,28,24,0,True
1854,595,38,31,0,True
3734,1094,78,30,1,True
1592,548,41,27,0,True
2873,979,109,30,0,True
1355,434,22,18,0,True
2327,735,29,52,0,True
1933,633,52,22,0,True
1146,348,32,6,0,True
852,272,23,9,0,True
1188,374,40,14,0,True
2326,721,43,34,0,True
2380,818,52,37,0,True
974,307,27,11,0,True
1255,367,23,22,0,True
2134,626,53,28,0,True
1812,588,41,23,0,True
1480,453,18,31,0,True
1886,648,54,24,1,True
2217,666,43,26,1,True
2959,785,32,17,0,True
1722,562,29,28,0,True
2680,803,38,28,0,True
1933,609,35,27,0,True
2247,704,35,27,2,True
2872,948,57,46,0,True
2030,680,48,38,0,True
2996,953,48,58,0,True
1700,580,54,27,0,True
2699,925,68,54,0,True
1443,483,36,19,0,True
2494,747,33,33,0,True
1764,559,37,32,0,True
1830,571,31,32,1,True
1874,586,37,23,1,True
2537,796,49,40,0,True
1657,548,28,34,0,True
2454,814,55,34,0,True
1318,418,31,20,0,True
2160,694,46,26,0,True
2744,836,42,42,0,True
2352,719,48,31,1,True
2334,732,59,34,0,True
3107,994,85,31,0,True
1909,676,35,32,2,True
2455,781,55,38,0,True
1331,395,26,24,0,True
2255,641,46,20,0,True
1039,327,23,17,0,True
920,291,23,10,0,True
1784,535,28,28,0,True
1149,383,27,21,0,True
1656,544,57,16,0,True
2422,778,45,40,0,True
3552,874,48,41,0,True
1446,450,27,24,1,True
1253,406,35,21,0,True
2697,908,41,57,0,True
2329,779,59,30,0,True
1440,501,33,18,0,True
1966,611,35,25,0,True
2142,735,37,39,0,True
1162,382,32,20,0,True
1802,601,28,39,0,True
560,161,20,0,0,True
1600,540,46,28,0,True
1496,512,34,21,0,True
1792,621,44,36,0,True
2170,644,42,23,0,True
1503,465,46,17,0,True
1577,517,44,14,2,True
1872,598,31,31,0,True
1479,450,36,18,3,True
1989,663,39,32,0,True
1168,339,22,20,0,True
2151,658,42,37,0,True
1868,631,30,45,0,True
1149,399,23,19,0,True
2895,949,51,39,1,True
2931,910,73,34,0,True
1426,479,42,14,0,True
1660,522,27,21,0,True
2613,776,36,38,0,True
1342,448,29,21,0,True
2032,657,33,28,1,True
1431,440,35,16,0,True
2284,702,65,17,0,True
1888,611,28,48,0,True
2506,798,67,27,0,True
1931,640,42,37,0,True
854,281,18,13,0,True
1644,514,32,29,0,True
2477,817,37,52,0,True
1409,426,20,23,0,True
1445,451,33,26,0,True
1468,428,34,19,0,True
1141,320,27,11,0,True
1275,397,30,26,0,True
822,272,17,8,0,True
2099,671,48,39,0,True
1468,487,33,29,0,True
1826,669,48,22,0,True
2141,727,70,34,0,True
2777,884,53,40,0,True
1557,466,28,24,0,True
1292,403,21,16,1,True
1773,519,31,19,2,True
853,263,23,8,3,True
2281,704,60,28,0,True
2433,772,45,37,1,True
1734,517,35,34,0,True
1577,504,66,0,0,True
2483,710,42,33,0,True
1997,739,47,28,1,True
2278,801,49,34,0,True
965,300,23,12,0,True
2002,608,49,21,0,True
1630,517,26,27,1,True
1286,422,39,12,0,True
1647,527,38,21,0,True
2234,731,60,32,0,True
1464,464,26,18,0,True
2105,681,42,19,4,True
1859,599,37,24,1,True
1531,531,26,19,1,True
1812,622,36,33,1,True
2319,704,28,23,0,True
1582,533,39,33,0,True
2091,694,44,39,0,True
2804,705,34,19,1,True
2706,812,50,25,0,True
2362,759,44,34,0,True
3035,934,79,36,0,True
1357,391,26,20,0,True
1281,413,21,25,0,True
1758,613,65,26,0,True
1174,362,22,16,0,True
1454,412,18,23,1,True
1699,533,51,24,0,True
2499,852,65,29,1,True
1689,559,48,25,0,True
1291,408,25,24,0,True
2065,607,38,26,0,True
2156,744,59,34,0,True
1827,571,33,27,0,True
1962,752,33,24,4,True
1667,521,42,24,0,True
1337,419,33,17,0,True
1314,415,19,21,2,True
1595,534,35,19,2,True
5218,1644,127,76,1,True
2119,698,48,38,0,True
1895,644,41,34,0,True
1309,427,26,17,0,True
1653,546,24,29,0,True
1988,656,39,44,0,True
2058,662,37,33,0,True
2084,647,36,34,0,True
1420,416,37,19,0,True
1697,564,30,23,1,True
1331,434,40,8,0,True
1767,550,34,24,0,True
4088,1334,77,67,0,True
2998,951,45,34,1,True
1246,439,28,18,0,True
2689,842,55,40,1,True
1311,409,37,18,0,True
3348,980,80,34,0,True
1586,531,49,21,0,True
1288,399,29,22,0,True
2734,951,49,36,1,True
1839,540,41,17,0,True
1298,424,32,20,0,True
1224,376,37,19,0,True
2881,995,109,31,0,True
1977,574,49,18,0,True
1861,625,44,33,0,True
3472,1047,55,48,0,True
2473,771,38,29,1,True
1087,330,24,10,1,True
1909,540,36,21,0,True
2678,839,41,30,1,True
1943,668,65,22,0,True
1649,522,30,23,0,True
1887,625,46,26,0,True
2258,682,46,18,0,True
2245,757,36,21,1,True
2023,631,34,31,1,True
1699,539,47,25,0,True
1714,509,35,24,1,True
1118,359,27,7,0,True
1947,541,48,19,0,True
1576,501,31,30,2,True
1658,507,33,21,0,True
2093,621,52,19,0,True
1261,383,31,10,1,True
2619,823,57,37,0,True
931,280,18,14,0,True
1760,540,41,27,0,True
2412,849,70,34,0,True
2163,716,38,41,0,True
1428,451,28,18,0,True
1215,402,35,14,0,True
1830,580,32,30,0,True
1623,470,39,23,0,True
1566,453,22,28,0,True
1231,374,16,26,0,True
1585,521,30,20,0,True
2400,703,57,22,0,True
1825,563,45,19,0,True
2104,619,45,32,0,True
1320,434,40,15,0,True
1617,536,42,22,3,True
1816,613,55,16,0,True
1524,454,29,25,0,True
1589,487,34,25,0,True
1917,603,55,19,0,True
1996,643,23,38,0,True
2890,973,61,42,3,True
1381,407,34,16,0,True
4071,1185,74,53,0,True
3024,1021,85,32,0,True
3672,1144,64,45,1,True
1969,661,42,32,0,True
1637,465,32,20,0,True
1457,483,39,17,0,True
1396,416,21,26,0,True
1922,685,41,35,0,True
2050,686,43,47,0,True
2146,728,37,49,0,True
1516,487,37,30,0,True
1969,578,33,30,0,True
1341,381,39,15,0,True
1027,318,27,9,0,True
1711,506,37,20,0,True
1069,312,29,13,0,True
3372,1000,57,61,0,True
1559,506,40,20,0,True
2043,659,33,28,0,True
1830,578,30,34,0,True
1877,591,37,38,0,True
1115,385,16,20,1,True
1471,428,28,14,0,True
3637,1110,48,55,0,True
997,326,23,20,0,True
1394,385,24,18,0,True
2103,627,45,27,0,True
1878,615,33,38,0,True
1291,460,27,28,0,True
1363,433,32,12,3,True
2381,723,34,32,1,True
1427,424,22,32,0,True
1848,659,35,37,1,True
1736,557,39,25,1,True
1376,368,28,9,0,True
3095,961,87,38,1,True
2130,653,26,42,1,True
1199,374,34,11,0,True
1457,425,21,32,0,True
829,246,23,6,0,True
1835,592,33,29,0,True
1977,621,36,34,0,True
1165,371,23,18,0,True
1639,514,24,22,1,True
3821,1185,59,50,1,True
1438,485,29,21,0,True
1551,490,49,18,0,True
1439,479,36,26,0,True
2287,726,44,40,1,True
1641,498,47,17,2,True
1726,531,33,24,0,True
1581,454,28,17,0,True
1655,571,35,27,0,True
3599,1162,58,39,1,True
2817,888,44,54,0,True
1318,441,22,30,0,True
1219,383,31,12,0,True
2016,624,49,22,0,True
2367,803,43,32,0,True
2031,686,31,41,0,True
1257,390,16,24,0,True
993,325,30,6,0,True
1601,505,54,11,0,True
1801,584,42,35,0,True
2054,564,34,32,0,True
2758,904,52,43,0,True
2099,754,41,28,1,True
1985,673,1,0,0,True
2093,627,31,15,0,True
1683,524,34,24,0,True
2054,675,49,35,0,True
3130,1034,83,41,0,True
1109,339,32,10,0,True
2437,775,57,35,0,True
2101,721,39,45,0,True
1836,618,45,25,0,True
2965,987,74,44,0,True
1960,574,35,25,0,True
2352,719,56,33,3,True
3503,1101,54,73,1,True
1460,440,41,18,0,True
2357,709,36,43,0,True
2337,949,59,21,1,True
1452,468,26,21,0,True
2588,737,53,33,0,True
2554,767,44,37,0,True
1671,551,55,22,0,True
2311,833,45,38,0,True
2986,894,65,24,0,True
1599,490,34,16,0,True
2184,695,41,38,0,True
2035,621,42,24,0,True
2797,848,74,26,0,True
1514,512,26,24,0,True
1664,500,34,30,1,True
2564,800,60,42,0,True
2805,790,54,36,0,True
2040,632,53,32,0,True
1905,542,35,27,0,True
1992,556,50,19,0,True
1742,555,40,22,0,True
2456,793,37,42,0,True
1368,439,32,22,0,True
3287,1046,67,57,0,True
737,218,12,5,0,True
1493,458,31,17,0,True
1063,364,31,12,0,True
1935,673,75,28,0,True
3148,1009,55,47,1,True
1742,682,25,19,2,True
2080,663,42,31,0,True
1904,597,37,33,0,True
1093,388,11,29,0,True
1778,553,38,26,0,True
1329,403,27,21,0,True
2470,765,66,31,0,True
1614,529,34,23,0,True
801,235,15,10,1,True
1295,395,31,13,0,True
1821,574,47,21,0,True
1963,659,36,36,0,True
2109,648,40,36,0,True
1824,645,47,29,0,True
2768,833,58,50,0,True
1944,627,42,34,0,True
1916,588,44,27,0,True
2984,976,79,53,0,True
1447,461,29,15,1,True
1545,513,44,23,0,True
2721,917,41,51,2,True
1269,368,27,15,0,True
1858,620,43,30,0,True
2124,642,51,33,0,True
2654,853,79,31,0,True
2423,749,55,39,0,True
1091,350,15,20,0,True
2108,629,32,28,1,True
1326,422,31,21,0,True
1908,670,30,32,3,True
1560,502,28,36,0,True
1414,466,31,24,0,True
1438,479,33,23,0,True
1229,373,16,15,1,True
2231,767,60,32,0,True
3287,1063,84,41,0,True
1742,591,24,38,0,True
1382,429,39,19,0,True
1313,440,29,13,0,True
1969,670,30,33,2,True
1548,477,31,21,1,True
1972,653,55,25,0,True
2001,559,42,19,0,True
1755,623,24,20,1,True
1864,617,43,24,1,True
2514,918,33,51,1,True
2423,788,54,33,0,True
1156,396,50,14,0,True
950,297,18,14,0,True
1868,574,35,20,0,True
2835,970,47,56,0,True
3436,1045,59,64,0,True
2253,731,58,26,0,True
1657,553,39,23,0,True
1606,541,49,26,0,True
1375,417,24,30,0,True
1506,458,59,6,0,True
2757,927,53,55,0,True
1722,580,49,27,0,True
1755,531,43,19,3,True
1356,431,35,19,0,True
2478,755,65,30,0,True
2314,779,52,37,0,True
1019,359,25,19,0,True
2260,705,40,40,0,True
1527,480,30,28,0,True
1409,448,19,30,0,True
2417,690,52,33,0,True
1326,427,48,15,0,True
2091,691,59,24,0,True
1700,471,49,6,0,True
2439,740,32,38,0,True
2382,684,37,38,0,True
1720,487,37,15,0,True
1813,585,31,23,1,True
1756,571,24,34,0,True
2978,932,67,49,0,True
1055,300,25,10,0,True
1513,482,45,24,0,True
2535,776,67,27,0,True
1445,447,26,27,0,True
1518,440,29,17,0,True
1984,647,51,19,0,True
3246,1128,78,39,1,True
1455,474,20,27,1,True
1200,409,38,17,0,True
3424,1071,63,40,0,True
997,309,43,8,0,True
2422,698,44,27,0,True
1663,481,26,24,0,True
2178,736,44,24,1,True
2302,761,49,36,0,True
1837,579,46,24,0,True
1583,469,31,17,0,True
1635,525,36,20,0,True
1950,686,45,28,0,True
1542,473,39,21,1,True
1346,430,32,17,0,True
1635,514,41,24,0,True
2225,672,30,36,0,True
2764,902,46,51,0,True
2371,875,33,33,1,True
2167,667,36,28,2,True
1876,596,28,29,1,True
3155,1110,59,67,0,True
2468,782,56,35,0,True
1751,552,22,37,0,True
2396,731,49,45,0,True
2325,732,37,42,0,True
1553,495,61,0,0,True
919,284,20,13,0,True
1700,543,45,23,0,True
1063,335,19,16,0,True
3046,916,63,34,0,True
1117,349,16,21,0,True
1411,447,35,16,0,True
2419,856,55,46,0,True
2900,893,60,51,0,True
1804,612,29,35,0,True
1770,534,29,33,0,True
1521,469,34,24,0,True
1204,405,27,22,0,True
1709,567,35,26,0,True
860,271,35,0,0,True
2645,812,50,37,1,True
1772,687,40,24,1,True
3097,937,63,32,0,True
1801,564,35,23,0,True
1661,556,30,16,0,True
2748,832,67,38,0,True
2109,594,62,15,0,True
1954,672,38,31,0,True
1507,453,32,18,1,True
1537,518,44,21,0,True
2191,779,38,44,1,True
995,316,40,11,0,True
3187,1058,80,39,1,True
2654,830,59,45,0,True
1655,557,41,26,1,True
2091,633,51,30,0,True
1985,637,42,28,0,True
1559,499,28,29,0,True
1807,547,33,24,0,True
1889,651,26,35,1,True
1487,444,34,17,0,True
2292,754,56,34,0,True
3229,1009,64,41,0,True
3330,1082,84,61,0,True
3554,1064,57,53,0,True
879,270,18,15,0,True
1894,595,50,29,1,True
2138,705,40,38,0,True
2337,648,44,26,0,True
808,259,16,15,0,True
1596,544,41,22,0,True
4049,1234,116,43,0,True
1431,476,30,25,0,True
2427,694,48,36,0,True
4234,1396,67,49,1,True
1142,346,19,22,0,True
2450,880,48,28,1,True
1884,603,40,22,0,True
1563,420,20,18,0,True
1859,607,28,37,0,True
3046,987,74,58,0,True
1328,366,28,8,0,True
2647,846,58,42,0,True
2052,602,37,28,0,True
1512,450,28,29,0,True
2839,936,61,34,0,True
2984,971,138,24,0,True
1812,569,41,26,0,True
3711,1165,46,52,0,True
1999,606,44,30,0,True
2868,932,52,44,0,True
1883,578,50,24,0,True
2189,714,39,33,0,True
1204,360,22,18,1,True
2431,762,55,32,0,True
2070,669,43,33,0,True
2258,756,30,45,0,True
1302,429,34,16,0,True
995,284,26,11,0,True
1316,407,28,21,0,True
2258,706,29,34,0,True
1299,393,27,15,0,True
1089,324,26,12,0,True
3647,1252,84,44,1,True
1566,455,38,16,0,True
1210,360,35,11,0,True
2506,721,64,24,0,True
1771,551,43,32,0,True
2669,723,50,30,0,True
1445,507,42,23,0,True
2449,787,64,31,0,True
2550,821,43,35,0,True
1904,585,41,30,0,True
2372,726,50,33,0,True
1299,440,19,22,0,True
1564,480,31,16,1,True
1452,412,35,15,0,True
2275,672,46,26,0,True
1972,618,35,28,0,True
1523,438,36,13,0,True
1825,530,38,22,0,True
2703,785,46,39,0,True
1953,667,49,30,0,True
1958,589,35,44,0,True
1107,352,30,15,0,True
1615,620,31,17,1,True
1677,539,31,36,0,True
3246,1026,56,51,1,True
2117,646,50,25,0,True
2073,802,41,24,1,True
1590,476,34,16,0,True
2611,941,61,43,0,True
1936,596,32,37,0,True
2467,792,29,27,0,True
2382,797,58,36,1,True
3208,912,62,38,1,True
1194,363,26,21,0,True
825,256,27,8,0,True
3228,885,57,34,0,True
2843,864,50,16,0,True
2489,712,53,27,0,True
1902,615,41,38,0,True
2348,782,60,38,0,True
3259,1085,52,63,2,True
2281,712,47,35,0,True
2042,581,40,30,0,True
2765,915,67,43,0,True
2021,624,29,33,0,True
1359,405,22,23,0,True
2491,816,40,27,1,True
1989,613,33,37,1,True
2382,756,37,35,1,True
1032,332,16,20,0,True
3316,987,51,27,1,True
1256,373,24,17,0,True
1067,332,35,8,0,True
1760,596,35,36,0,True
1138,375,26,19,0,True
1078,359,32,11,0,True
2475,774,44,46,1,True
2243,731,57,35,0,True
1425,474,27,33,0,True
2289,726,65,28,0,True
1418,427,26,22,0,True
907,306,29,13,0,True
1109,374,28,22,0,True
1682,509,41,19,1,True
1497,477,60,0,0,True
970,341,43,11,0,True
1636,500,31,38,1,True
1774,512,36,23,0,True
3457,1508,59,28,1,True
1181,373,28,18,0,True
1753,570,31,37,0,True
1983,648,34,36,0,True
1880,653,49,31,0,True
1768,567,40,36,0,True
1476,518,44,22,0,True
1967,600,35,25,0,True
1452,453,39,15,0,True
1786,566,55,18,0,True
1563,525,62,6,0,True
2724,859,62,25,0,True
2491,807,84,31,0,True
2975,1037,128,28,0,True
1646,513,32,26,0,True
962,313,20,19,0,True
1261,399,35,17,0,True
1431,445,32,21,0,True
1324,421,32,20,0,True
3439,1153,98,41,0,True
1330,393,29,21,0,True
2882,876,58,50,0,True
1159,344,26,15,0,True
1914,620,17,54,0,True
1688,510,50,11,0,True
2162,610,53,12,0,True
1442,430,35,23,0,True
2690,876,48,47,0,True
1344,432,31,14,1,True
1901,711,40,23,1,True
1815,547,51,16,0,True
2619,881,46,28,0,True
3832,1146,70,67,0,True
1678,539,33,32,0,True
